/*
SQLyog Professional v12.09 (64 bit)
MySQL - 10.4.6-MariaDB : Database - home_automation
*********************************************************************
*/

/*!40101 SET NAMES utf8 */;

/*!40101 SET SQL_MODE=''*/;

/*!40014 SET @OLD_UNIQUE_CHECKS=@@UNIQUE_CHECKS, UNIQUE_CHECKS=0 */;
/*!40014 SET @OLD_FOREIGN_KEY_CHECKS=@@FOREIGN_KEY_CHECKS, FOREIGN_KEY_CHECKS=0 */;
/*!40101 SET @OLD_SQL_MODE=@@SQL_MODE, SQL_MODE='NO_AUTO_VALUE_ON_ZERO' */;
/*!40111 SET @OLD_SQL_NOTES=@@SQL_NOTES, SQL_NOTES=0 */;
CREATE DATABASE /*!32312 IF NOT EXISTS*/`home_automation` /*!40100 DEFAULT CHARACTER SET latin1 */;

USE `home_automation`;

/*Table structure for table `device_activity` */

DROP TABLE IF EXISTS `device_activity`;

CREATE TABLE `device_activity` (
  `activ_id` int(11) NOT NULL AUTO_INCREMENT,
  `activ_date` date DEFAULT NULL,
  `up_time` time DEFAULT NULL,
  `down_time` time DEFAULT NULL,
  `device_id` int(11) DEFAULT NULL,
  `flag` tinyint(1) DEFAULT NULL,
  PRIMARY KEY (`activ_id`)
) ENGINE=InnoDB AUTO_INCREMENT=4058 DEFAULT CHARSET=latin1;

/*Data for the table `device_activity` */

insert  into `device_activity`(`activ_id`,`activ_date`,`up_time`,`down_time`,`device_id`,`flag`) values (4049,'2020-04-19','19:24:10','19:31:08',5,1),(4050,'2020-04-19','20:03:55','20:13:24',6,1),(4051,'2020-04-19','20:20:23','20:24:17',6,1),(4052,'2020-04-19','21:44:31','21:45:36',6,1),(4053,'2020-04-19','23:07:19','23:09:33',5,1),(4054,'2020-04-19','23:14:25','23:14:46',6,1),(4055,'2020-04-19','23:16:11','23:17:16',5,1),(4057,'2020-04-20','01:38:21','01:44:15',5,1);

/*Table structure for table `device_consumption` */

DROP TABLE IF EXISTS `device_consumption`;

CREATE TABLE `device_consumption` (
  `consump_id` int(11) NOT NULL AUTO_INCREMENT,
  `consump_watts` decimal(7,2) DEFAULT NULL,
  `consump_current` decimal(7,2) DEFAULT NULL,
  `consump_date` date DEFAULT NULL,
  `consump_time` time DEFAULT NULL,
  `device_id` int(11) DEFAULT NULL,
  PRIMARY KEY (`consump_id`)
) ENGINE=InnoDB AUTO_INCREMENT=17686 DEFAULT CHARSET=latin1;

/*Data for the table `device_consumption` */

insert  into `device_consumption`(`consump_id`,`consump_watts`,`consump_current`,`consump_date`,`consump_time`,`device_id`) values (15684,'121.14','0.50','2020-04-19','19:24:17',5),(15685,'132.47','0.55','2020-04-19','19:24:17',5),(15686,'132.61','0.55','2020-04-19','19:24:18',5),(15687,'133.57','0.56','2020-04-19','19:24:19',5),(15688,'127.73','0.53','2020-04-19','19:24:20',5),(15689,'132.03','0.55','2020-04-19','19:24:21',5),(15690,'121.76','0.51','2020-04-19','19:24:22',5),(15691,'135.83','0.57','2020-04-19','19:24:23',5),(15692,'134.61','0.56','2020-04-19','19:24:24',5),(15693,'133.35','0.56','2020-04-19','19:24:25',5),(15694,'132.05','0.55','2020-04-19','19:24:26',5),(15695,'133.70','0.56','2020-04-19','19:24:26',5),(15696,'136.34','0.57','2020-04-19','19:24:27',5),(15697,'125.36','0.52','2020-04-19','19:24:28',5),(15698,'127.55','0.53','2020-04-19','19:24:29',5),(15699,'127.62','0.53','2020-04-19','19:24:30',5),(15700,'127.00','0.53','2020-04-19','19:24:31',5),(15701,'131.75','0.55','2020-04-19','19:24:32',5),(15702,'125.72','0.52','2020-04-19','19:24:33',5),(15703,'125.42','0.52','2020-04-19','19:24:34',5),(15704,'109.29','0.46','2020-04-19','19:24:35',5),(15705,'127.14','0.53','2020-04-19','19:24:35',5),(15706,'122.62','0.51','2020-04-19','19:24:36',5),(15707,'123.04','0.51','2020-04-19','19:24:37',5),(15708,'124.54','0.52','2020-04-19','19:24:38',5),(15709,'126.64','0.53','2020-04-19','19:24:39',5),(15710,'125.19','0.52','2020-04-19','19:24:40',5),(15711,'128.04','0.53','2020-04-19','19:24:41',5),(15712,'118.71','0.49','2020-04-19','19:24:42',5),(15713,'125.62','0.52','2020-04-19','19:24:43',5),(15714,'126.20','0.53','2020-04-19','19:24:44',5),(15715,'125.34','0.52','2020-04-19','19:24:45',5),(15716,'125.76','0.52','2020-04-19','19:24:45',5),(15717,'127.16','0.53','2020-04-19','19:24:46',5),(15718,'127.78','0.53','2020-04-19','19:24:47',5),(15719,'123.80','0.52','2020-04-19','19:24:48',5),(15720,'126.06','0.53','2020-04-19','19:24:49',5),(15721,'127.86','0.53','2020-04-19','19:24:50',5),(15722,'122.07','0.51','2020-04-19','19:24:51',5),(15723,'125.95','0.52','2020-04-19','19:24:52',5),(15724,'97.04','0.40','2020-04-19','19:24:53',5),(15725,'127.86','0.53','2020-04-19','19:24:54',5),(15726,'122.10','0.51','2020-04-19','19:24:54',5),(15727,'125.41','0.52','2020-04-19','19:24:55',5),(15728,'127.22','0.53','2020-04-19','19:24:56',5),(15729,'126.86','0.53','2020-04-19','19:24:57',5),(15730,'95.21','0.40','2020-04-19','19:24:58',5),(15731,'129.74','0.54','2020-04-19','19:24:59',5),(15732,'126.46','0.53','2020-04-19','19:25:00',5),(15733,'126.41','0.53','2020-04-19','19:25:01',5),(15734,'127.20','0.53','2020-04-19','19:25:02',5),(15735,'120.86','0.50','2020-04-19','19:25:03',5),(15736,'97.66','0.41','2020-04-19','19:25:03',5),(15737,'123.56','0.51','2020-04-19','19:25:04',5),(15738,'127.00','0.53','2020-04-19','19:25:05',5),(15739,'124.62','0.52','2020-04-19','19:25:06',5),(15740,'124.64','0.52','2020-04-19','19:25:07',5),(15741,'125.53','0.52','2020-04-19','19:25:08',5),(15742,'117.90','0.49','2020-04-19','19:25:09',5),(15743,'131.39','0.55','2020-04-19','19:25:10',5),(15744,'134.80','0.56','2020-04-19','19:25:11',5),(15745,'130.90','0.55','2020-04-19','19:25:12',5),(15746,'131.58','0.55','2020-04-19','19:25:12',5),(15747,'134.95','0.56','2020-04-19','19:25:13',5),(15748,'126.55','0.53','2020-04-19','19:25:14',5),(15749,'105.11','0.44','2020-04-19','19:25:15',5),(15750,'134.55','0.56','2020-04-19','19:25:16',5),(15751,'134.38','0.56','2020-04-19','19:25:17',5),(15752,'131.19','0.55','2020-04-19','19:25:18',5),(15753,'134.32','0.56','2020-04-19','19:25:19',5),(15754,'107.07','0.45','2020-04-19','19:25:20',5),(15755,'135.07','0.56','2020-04-19','19:25:21',5),(15756,'135.97','0.57','2020-04-19','19:25:21',5),(15757,'131.08','0.55','2020-04-19','19:25:22',5),(15758,'136.06','0.57','2020-04-19','19:25:23',5),(15759,'104.20','0.43','2020-04-19','19:25:24',5),(15760,'128.09','0.53','2020-04-19','19:25:25',5),(15761,'137.08','0.57','2020-04-19','19:25:26',5),(15762,'132.23','0.55','2020-04-19','19:25:27',5),(15763,'134.01','0.56','2020-04-19','19:25:28',5),(15764,'133.85','0.56','2020-04-19','19:25:29',5),(15765,'132.78','0.55','2020-04-19','19:25:30',5),(15766,'131.14','0.55','2020-04-19','19:25:31',5),(15767,'134.11','0.56','2020-04-19','19:25:31',5),(15768,'132.35','0.55','2020-04-19','19:25:32',5),(15769,'129.76','0.54','2020-04-19','19:25:33',5),(15770,'105.38','0.44','2020-04-19','19:25:34',5),(15771,'110.01','0.46','2020-04-19','19:25:35',5),(15772,'127.16','0.53','2020-04-19','19:25:36',5),(15773,'125.33','0.52','2020-04-19','19:25:37',5),(15774,'123.29','0.51','2020-04-19','19:25:38',5),(15775,'125.51','0.52','2020-04-19','19:25:39',5),(15776,'99.89','0.42','2020-04-19','19:25:40',5),(15777,'125.11','0.52','2020-04-19','19:25:40',5),(15778,'127.90','0.53','2020-04-19','19:25:41',5),(15779,'125.12','0.52','2020-04-19','19:25:42',5),(15780,'128.03','0.53','2020-04-19','19:25:43',5),(15781,'127.52','0.53','2020-04-19','19:25:44',5),(15782,'97.83','0.41','2020-04-19','19:25:45',5),(15783,'127.38','0.53','2020-04-19','19:25:46',5),(15784,'126.43','0.53','2020-04-19','19:25:47',5),(15785,'119.98','0.50','2020-04-19','19:25:48',5),(15786,'125.95','0.52','2020-04-19','19:25:49',5),(15787,'122.86','0.51','2020-04-19','19:25:49',5),(15788,'125.10','0.52','2020-04-19','19:25:50',5),(15789,'125.52','0.52','2020-04-19','19:25:51',5),(15790,'115.25','0.48','2020-04-19','19:25:52',5),(15791,'125.59','0.52','2020-04-19','19:25:53',5),(15792,'127.06','0.53','2020-04-19','19:25:54',5),(15793,'126.46','0.53','2020-04-19','19:25:55',5),(15794,'128.18','0.53','2020-04-19','19:25:56',5),(15795,'99.98','0.42','2020-04-19','19:25:57',5),(15796,'122.28','0.51','2020-04-19','19:25:58',5),(15797,'128.01','0.53','2020-04-19','19:25:59',5),(15798,'95.92','0.40','2020-04-19','19:25:59',5),(15799,'134.28','0.56','2020-04-19','19:26:00',5),(15800,'133.31','0.56','2020-04-19','19:26:01',5),(15801,'132.90','0.55','2020-04-19','19:26:02',5),(15802,'134.80','0.56','2020-04-19','19:26:03',5),(15803,'133.44','0.56','2020-04-19','19:26:04',5),(15804,'130.23','0.54','2020-04-19','19:26:05',5),(15805,'103.82','0.43','2020-04-19','19:26:06',5),(15806,'130.12','0.54','2020-04-19','19:26:07',5),(15807,'126.33','0.53','2020-04-19','19:26:08',5),(15808,'132.11','0.55','2020-04-19','19:26:08',5),(15809,'120.98','0.50','2020-04-19','19:26:09',5),(15810,'104.06','0.43','2020-04-19','19:26:10',5),(15811,'133.72','0.56','2020-04-19','19:26:11',5),(15812,'135.35','0.56','2020-04-19','19:26:12',5),(15813,'134.27','0.56','2020-04-19','19:26:13',5),(15814,'131.85','0.55','2020-04-19','19:26:14',5),(15815,'131.55','0.55','2020-04-19','19:26:15',5),(15816,'126.08','0.53','2020-04-19','19:26:16',5),(15817,'128.63','0.54','2020-04-19','19:26:17',5),(15818,'131.75','0.55','2020-04-19','19:26:17',5),(15819,'129.52','0.54','2020-04-19','19:26:18',5),(15820,'104.03','0.43','2020-04-19','19:26:19',5),(15821,'106.21','0.44','2020-04-19','19:26:20',5),(15822,'130.82','0.55','2020-04-19','19:26:21',5),(15823,'133.29','0.56','2020-04-19','19:26:22',5),(15824,'131.90','0.55','2020-04-19','19:26:23',5),(15825,'136.67','0.57','2020-04-19','19:26:24',5),(15826,'105.51','0.44','2020-04-19','19:26:25',5),(15827,'137.32','0.57','2020-04-19','19:26:26',5),(15828,'133.28','0.56','2020-04-19','19:26:27',5),(15829,'134.42','0.56','2020-04-19','19:26:27',5),(15830,'125.87','0.52','2020-04-19','19:26:28',5),(15831,'126.38','0.53','2020-04-19','19:26:29',5),(15832,'107.83','0.45','2020-04-19','19:26:30',5),(15833,'126.78','0.53','2020-04-19','19:26:31',5),(15834,'123.85','0.52','2020-04-19','19:26:32',5),(15835,'129.23','0.54','2020-04-19','19:26:33',5),(15836,'127.06','0.53','2020-04-19','19:26:34',5),(15837,'99.21','0.41','2020-04-19','19:26:35',5),(15838,'125.25','0.52','2020-04-19','19:26:36',5),(15839,'125.63','0.52','2020-04-19','19:26:36',5),(15840,'126.51','0.53','2020-04-19','19:26:37',5),(15841,'100.37','0.42','2020-04-19','19:26:38',5),(15842,'102.43','0.43','2020-04-19','19:26:39',5),(15843,'110.49','0.46','2020-04-19','19:26:40',5),(15844,'125.78','0.52','2020-04-19','19:26:41',5),(15845,'125.94','0.52','2020-04-19','19:26:42',5),(15846,'124.65','0.52','2020-04-19','19:26:43',5),(15847,'128.07','0.53','2020-04-19','19:26:44',5),(15848,'126.30','0.53','2020-04-19','19:26:45',5),(15849,'125.30','0.52','2020-04-19','19:26:45',5),(15850,'127.81','0.53','2020-04-19','19:26:46',5),(15851,'127.09','0.53','2020-04-19','19:26:47',5),(15852,'127.33','0.53','2020-04-19','19:26:48',5),(15853,'120.44','0.50','2020-04-19','19:26:49',5),(15854,'125.29','0.52','2020-04-19','19:26:50',5),(15855,'128.56','0.54','2020-04-19','19:26:51',5),(15856,'99.54','0.41','2020-04-19','19:26:52',5),(15857,'99.12','0.41','2020-04-19','19:26:53',5),(15858,'123.06','0.51','2020-04-19','19:26:54',5),(15859,'96.14','0.40','2020-04-19','19:26:54',5),(15860,'125.31','0.52','2020-04-19','19:26:55',5),(15861,'122.74','0.51','2020-04-19','19:26:56',5),(15862,'127.30','0.53','2020-04-19','19:26:57',5),(15863,'124.76','0.52','2020-04-19','19:26:58',5),(15864,'126.33','0.53','2020-04-19','19:26:59',5),(15865,'125.91','0.52','2020-04-19','19:27:00',5),(15866,'123.38','0.51','2020-04-19','19:27:01',5),(15867,'127.30','0.53','2020-04-19','19:27:02',5),(15868,'127.36','0.53','2020-04-19','19:27:03',5),(15869,'128.25','0.53','2020-04-19','19:27:03',5),(15870,'97.32','0.41','2020-04-19','19:27:04',5),(15871,'117.72','0.49','2020-04-19','19:27:05',5),(15872,'130.24','0.54','2020-04-19','19:27:06',5),(15873,'126.94','0.53','2020-04-19','19:27:07',5),(15874,'125.97','0.52','2020-04-19','19:27:08',5),(15875,'130.58','0.54','2020-04-19','19:27:09',5),(15876,'132.13','0.55','2020-04-19','19:27:10',5),(15877,'135.94','0.57','2020-04-19','19:27:11',5),(15878,'129.77','0.54','2020-04-19','19:27:12',5),(15879,'134.48','0.56','2020-04-19','19:27:13',5),(15880,'135.32','0.56','2020-04-19','19:27:13',5),(15881,'125.38','0.52','2020-04-19','19:27:14',5),(15882,'136.60','0.57','2020-04-19','19:27:15',5),(15883,'132.46','0.55','2020-04-19','19:27:16',5),(15884,'135.39','0.56','2020-04-19','19:27:17',5),(15885,'132.70','0.55','2020-04-19','19:27:18',5),(15886,'106.11','0.44','2020-04-19','19:27:19',5),(15887,'107.89','0.45','2020-04-19','19:27:20',5),(15888,'134.19','0.56','2020-04-19','19:27:21',5),(15889,'136.34','0.57','2020-04-19','19:27:22',5),(15890,'133.86','0.56','2020-04-19','19:27:22',5),(15891,'136.15','0.57','2020-04-19','19:27:23',5),(15892,'107.50','0.45','2020-04-19','19:27:24',5),(15893,'131.30','0.55','2020-04-19','19:27:25',5),(15894,'134.56','0.56','2020-04-19','19:27:26',5),(15895,'135.44','0.56','2020-04-19','19:27:27',5),(15896,'134.88','0.56','2020-04-19','19:27:28',5),(15897,'118.72','0.49','2020-04-19','19:27:29',5),(15898,'100.53','0.42','2020-04-19','19:27:30',5),(15899,'126.08','0.53','2020-04-19','19:27:31',5),(15900,'125.79','0.52','2020-04-19','19:27:31',5),(15901,'121.27','0.51','2020-04-19','19:27:32',5),(15902,'126.88','0.53','2020-04-19','19:27:33',5),(15903,'98.56','0.41','2020-04-19','19:27:34',5),(15904,'101.56','0.42','2020-04-19','19:27:35',5),(15905,'126.53','0.53','2020-04-19','19:27:36',5),(15906,'125.40','0.52','2020-04-19','19:27:37',5),(15907,'126.24','0.53','2020-04-19','19:27:38',5),(15908,'127.15','0.53','2020-04-19','19:27:39',5),(15909,'100.66','0.42','2020-04-19','19:27:40',5),(15910,'124.46','0.52','2020-04-19','19:27:41',5),(15911,'127.93','0.53','2020-04-19','19:27:41',5),(15912,'129.96','0.54','2020-04-19','19:27:42',5),(15913,'124.74','0.52','2020-04-19','19:27:43',5),(15914,'127.54','0.53','2020-04-19','19:27:44',5),(15915,'125.99','0.52','2020-04-19','19:27:45',5),(15916,'126.21','0.53','2020-04-19','19:27:46',5),(15917,'129.69','0.54','2020-04-19','19:27:47',5),(15918,'135.28','0.56','2020-04-19','19:27:48',5),(15919,'132.09','0.55','2020-04-19','19:27:49',5),(15920,'108.21','0.45','2020-04-19','19:27:50',5),(15921,'133.39','0.56','2020-04-19','19:27:50',5),(15922,'133.43','0.56','2020-04-19','19:27:51',5),(15923,'134.57','0.56','2020-04-19','19:27:52',5),(15924,'133.12','0.55','2020-04-19','19:27:53',5),(15925,'106.80','0.44','2020-04-19','19:27:54',5),(15926,'108.74','0.45','2020-04-19','19:27:55',5),(15927,'133.42','0.56','2020-04-19','19:27:56',5),(15928,'129.94','0.54','2020-04-19','19:27:57',5),(15929,'107.11','0.45','2020-04-19','19:27:58',5),(15930,'134.00','0.56','2020-04-19','19:27:59',5),(15931,'104.15','0.43','2020-04-19','19:27:59',5),(15932,'133.95','0.56','2020-04-19','19:28:00',5),(15933,'131.33','0.55','2020-04-19','19:28:01',5),(15934,'106.85','0.45','2020-04-19','19:28:02',5),(15935,'124.98','0.52','2020-04-19','19:28:03',5),(15936,'133.45','0.56','2020-04-19','19:28:04',5),(15937,'114.30','0.48','2020-04-19','19:28:05',5),(15938,'135.76','0.57','2020-04-19','19:28:06',5),(15939,'135.68','0.57','2020-04-19','19:28:07',5),(15940,'124.00','0.52','2020-04-19','19:28:08',5),(15941,'107.48','0.45','2020-04-19','19:28:08',5),(15942,'133.87','0.56','2020-04-19','19:28:09',5),(15943,'106.73','0.44','2020-04-19','19:28:10',5),(15944,'134.26','0.56','2020-04-19','19:28:11',5),(15945,'134.43','0.56','2020-04-19','19:28:12',5),(15946,'132.89','0.55','2020-04-19','19:28:13',5),(15947,'114.43','0.48','2020-04-19','19:28:14',5),(15948,'105.66','0.44','2020-04-19','19:28:15',5),(15949,'107.03','0.45','2020-04-19','19:28:16',5),(15950,'133.16','0.55','2020-04-19','19:28:17',5),(15951,'132.61','0.55','2020-04-19','19:28:17',5),(15952,'130.92','0.55','2020-04-19','19:28:18',5),(15953,'107.50','0.45','2020-04-19','19:28:19',5),(15954,'125.30','0.52','2020-04-19','19:28:20',5),(15955,'131.78','0.55','2020-04-19','19:28:21',5),(15956,'133.31','0.56','2020-04-19','19:28:22',5),(15957,'133.66','0.56','2020-04-19','19:28:23',5),(15958,'131.69','0.55','2020-04-19','19:28:24',5),(15959,'136.54','0.57','2020-04-19','19:28:25',5),(15960,'108.05','0.45','2020-04-19','19:28:26',5),(15961,'106.72','0.44','2020-04-19','19:28:27',5),(15962,'133.98','0.56','2020-04-19','19:28:27',5),(15963,'124.81','0.52','2020-04-19','19:28:28',5),(15964,'126.11','0.53','2020-04-19','19:28:29',5),(15965,'99.10','0.41','2020-04-19','19:28:30',5),(15966,'118.91','0.50','2020-04-19','19:28:31',5),(15967,'124.94','0.52','2020-04-19','19:28:32',5),(15968,'120.90','0.50','2020-04-19','19:28:33',5),(15969,'126.96','0.53','2020-04-19','19:28:34',5),(15970,'127.44','0.53','2020-04-19','19:28:35',5),(15971,'120.37','0.50','2020-04-19','19:28:36',5),(15972,'98.85','0.41','2020-04-19','19:28:36',5),(15973,'123.46','0.51','2020-04-19','19:28:37',5),(15974,'128.09','0.53','2020-04-19','19:28:38',5),(15975,'99.66','0.42','2020-04-19','19:28:39',5),(15976,'98.10','0.41','2020-04-19','19:28:40',5),(15977,'125.73','0.52','2020-04-19','19:28:41',5),(15978,'114.64','0.48','2020-04-19','19:28:42',5),(15979,'128.62','0.54','2020-04-19','19:28:43',5),(15980,'121.08','0.50','2020-04-19','19:28:44',5),(15981,'126.54','0.53','2020-04-19','19:28:45',5),(15982,'99.78','0.42','2020-04-19','19:28:45',5),(15983,'108.39','0.45','2020-04-19','19:28:46',5),(15984,'132.87','0.55','2020-04-19','19:28:47',5),(15985,'132.68','0.55','2020-04-19','19:28:48',5),(15986,'129.77','0.54','2020-04-19','19:28:49',5),(15987,'132.23','0.55','2020-04-19','19:28:50',5),(15988,'128.24','0.53','2020-04-19','19:28:51',5),(15989,'130.68','0.54','2020-04-19','19:28:52',5),(15990,'130.16','0.54','2020-04-19','19:28:53',5),(15991,'132.92','0.55','2020-04-19','19:28:54',5),(15992,'133.02','0.55','2020-04-19','19:28:54',5),(15993,'126.33','0.53','2020-04-19','19:28:55',5),(15994,'130.80','0.54','2020-04-19','19:28:56',5),(15995,'133.25','0.56','2020-04-19','19:28:57',5),(15996,'106.37','0.44','2020-04-19','19:28:58',5),(15997,'123.95','0.52','2020-04-19','19:28:59',5),(15998,'128.78','0.54','2020-04-19','19:29:00',5),(15999,'104.88','0.44','2020-04-19','19:29:01',5),(16000,'108.50','0.45','2020-04-19','19:29:02',5),(16001,'133.03','0.55','2020-04-19','19:29:03',5),(16002,'130.53','0.54','2020-04-19','19:29:03',5),(16003,'136.27','0.57','2020-04-19','19:29:04',5),(16004,'111.70','0.47','2020-04-19','19:29:05',5),(16005,'98.80','0.41','2020-04-19','19:29:06',5),(16006,'123.47','0.51','2020-04-19','19:29:07',5),(16007,'125.31','0.52','2020-04-19','19:29:08',5),(16008,'107.95','0.45','2020-04-19','19:29:09',5),(16009,'114.41','0.48','2020-04-19','19:29:10',5),(16010,'113.63','0.47','2020-04-19','19:29:11',5),(16011,'129.66','0.54','2020-04-19','19:29:12',5),(16012,'132.90','0.55','2020-04-19','19:29:12',5),(16013,'131.52','0.55','2020-04-19','19:29:13',5),(16014,'133.03','0.55','2020-04-19','19:29:14',5),(16015,'106.86','0.45','2020-04-19','19:29:15',5),(16016,'122.77','0.51','2020-04-19','19:29:16',5),(16017,'130.34','0.54','2020-04-19','19:29:17',5),(16018,'134.92','0.56','2020-04-19','19:29:18',5),(16019,'131.77','0.55','2020-04-19','19:29:19',5),(16020,'105.26','0.44','2020-04-19','19:29:20',5),(16021,'104.37','0.43','2020-04-19','19:29:21',5),(16022,'132.69','0.55','2020-04-19','19:29:22',5),(16023,'135.01','0.56','2020-04-19','19:29:22',5),(16024,'131.51','0.55','2020-04-19','19:29:23',5),(16025,'107.35','0.45','2020-04-19','19:29:24',5),(16026,'108.77','0.45','2020-04-19','19:29:25',5),(16027,'107.34','0.45','2020-04-19','19:29:26',5),(16028,'133.31','0.56','2020-04-19','19:29:27',5),(16029,'133.00','0.55','2020-04-19','19:29:28',5),(16030,'104.70','0.44','2020-04-19','19:29:29',5),(16031,'102.19','0.43','2020-04-19','19:29:30',5),(16032,'98.54','0.41','2020-04-19','19:29:31',5),(16033,'124.07','0.52','2020-04-19','19:29:31',5),(16034,'124.53','0.52','2020-04-19','19:29:32',5),(16035,'121.21','0.51','2020-04-19','19:29:33',5),(16036,'128.18','0.53','2020-04-19','19:29:34',5),(16037,'98.67','0.41','2020-04-19','19:29:35',5),(16038,'101.07','0.42','2020-04-19','19:29:36',5),(16039,'122.34','0.51','2020-04-19','19:29:37',5),(16040,'97.82','0.41','2020-04-19','19:29:38',5),(16041,'126.33','0.53','2020-04-19','19:29:39',5),(16042,'121.03','0.50','2020-04-19','19:29:40',5),(16043,'126.78','0.53','2020-04-19','19:29:40',5),(16044,'128.11','0.53','2020-04-19','19:29:41',5),(16045,'128.90','0.54','2020-04-19','19:29:42',5),(16046,'122.19','0.51','2020-04-19','19:29:43',5),(16047,'125.90','0.52','2020-04-19','19:29:44',5),(16048,'126.08','0.53','2020-04-19','19:29:45',5),(16049,'98.42','0.41','2020-04-19','19:29:46',5),(16050,'99.39','0.41','2020-04-19','19:29:47',5),(16051,'128.23','0.53','2020-04-19','19:29:48',5),(16052,'116.85','0.49','2020-04-19','19:29:49',5),(16053,'98.32','0.41','2020-04-19','19:29:50',5),(16054,'122.53','0.51','2020-04-19','19:29:50',5),(16055,'127.93','0.53','2020-04-19','19:29:51',5),(16056,'125.55','0.52','2020-04-19','19:29:52',5),(16057,'125.54','0.52','2020-04-19','19:29:53',5),(16058,'126.16','0.53','2020-04-19','19:29:54',5),(16059,'125.30','0.52','2020-04-19','19:29:55',5),(16060,'99.32','0.41','2020-04-19','19:29:56',5),(16061,'120.77','0.50','2020-04-19','19:29:57',5),(16062,'125.38','0.52','2020-04-19','19:29:58',5),(16063,'126.13','0.53','2020-04-19','19:29:59',5),(16064,'121.15','0.50','2020-04-19','19:29:59',5),(16065,'117.57','0.49','2020-04-19','19:30:00',5),(16066,'118.65','0.49','2020-04-19','19:30:01',5),(16067,'134.75','0.56','2020-04-19','19:30:02',5),(16068,'116.09','0.48','2020-04-19','19:30:03',5),(16069,'115.27','0.48','2020-04-19','19:30:04',5),(16070,'132.92','0.55','2020-04-19','19:30:05',5),(16071,'107.12','0.45','2020-04-19','19:30:06',5),(16072,'135.29','0.56','2020-04-19','19:30:07',5),(16073,'124.91','0.52','2020-04-19','19:30:08',5),(16074,'133.19','0.55','2020-04-19','19:30:08',5),(16075,'108.28','0.45','2020-04-19','19:30:09',5),(16076,'109.18','0.45','2020-04-19','19:30:10',5),(16077,'131.33','0.55','2020-04-19','19:30:11',5),(16078,'108.00','0.45','2020-04-19','19:30:12',5),(16079,'108.32','0.45','2020-04-19','19:30:13',5),(16080,'131.71','0.55','2020-04-19','19:30:14',5),(16081,'136.33','0.57','2020-04-19','19:30:15',5),(16082,'107.57','0.45','2020-04-19','19:30:16',5),(16083,'103.50','0.43','2020-04-19','19:30:17',5),(16084,'134.40','0.56','2020-04-19','19:30:17',5),(16085,'106.71','0.44','2020-04-19','19:30:18',5),(16086,'106.22','0.44','2020-04-19','19:30:19',5),(16087,'136.18','0.57','2020-04-19','19:30:20',5),(16088,'132.95','0.55','2020-04-19','19:30:21',5),(16089,'134.97','0.56','2020-04-19','19:30:22',5),(16090,'124.62','0.52','2020-04-19','19:30:23',5),(16091,'108.31','0.45','2020-04-19','19:30:24',5),(16092,'136.40','0.57','2020-04-19','19:30:25',5),(16093,'134.32','0.56','2020-04-19','19:30:26',5),(16094,'131.74','0.55','2020-04-19','19:30:27',5),(16095,'129.55','0.54','2020-04-19','19:30:27',5),(16096,'106.51','0.44','2020-04-19','19:30:28',5),(16097,'132.21','0.55','2020-04-19','19:30:29',5),(16098,'136.11','0.57','2020-04-19','19:30:30',5),(16099,'103.61','0.43','2020-04-19','19:30:31',5),(16100,'133.79','0.56','2020-04-19','19:30:32',5),(16101,'133.32','0.56','2020-04-19','19:30:33',5),(16102,'117.24','0.49','2020-04-19','19:30:34',5),(16103,'109.32','0.46','2020-04-19','19:30:35',5),(16104,'133.77','0.56','2020-04-19','19:30:36',5),(16105,'135.64','0.57','2020-04-19','19:30:36',5),(16106,'132.92','0.55','2020-04-19','19:30:37',5),(16107,'131.85','0.55','2020-04-19','19:30:38',5),(16108,'109.88','0.46','2020-04-19','19:30:39',5),(16109,'121.08','0.50','2020-04-19','19:30:40',5),(16110,'124.66','0.52','2020-04-19','19:30:41',5),(16111,'121.98','0.51','2020-04-19','19:30:42',5),(16112,'124.72','0.52','2020-04-19','19:30:43',5),(16113,'101.17','0.42','2020-04-19','19:30:44',5),(16114,'100.20','0.42','2020-04-19','19:30:45',5),(16115,'108.32','0.45','2020-04-19','19:30:45',5),(16116,'97.94','0.41','2020-04-19','19:30:46',5),(16117,'123.33','0.51','2020-04-19','19:30:47',5),(16118,'125.78','0.52','2020-04-19','19:30:48',5),(16119,'128.96','0.54','2020-04-19','19:30:49',5),(16120,'123.38','0.51','2020-04-19','19:30:50',5),(16121,'125.76','0.52','2020-04-19','19:30:51',5),(16122,'126.30','0.53','2020-04-19','19:30:52',5),(16123,'121.14','0.50','2020-04-19','19:30:53',5),(16124,'125.03','0.52','2020-04-19','19:30:54',5),(16125,'99.55','0.41','2020-04-19','19:30:54',5),(16126,'102.97','0.43','2020-04-19','19:30:55',5),(16127,'98.05','0.41','2020-04-19','19:30:56',5),(16128,'125.41','0.52','2020-04-19','19:30:57',5),(16129,'126.23','0.53','2020-04-19','19:30:58',5),(16130,'125.56','0.52','2020-04-19','19:30:59',5),(16131,'124.90','0.52','2020-04-19','19:31:00',5),(16132,'100.53','0.42','2020-04-19','19:31:01',5),(16133,'117.36','0.49','2020-04-19','19:31:02',5),(16134,'122.29','0.51','2020-04-19','19:31:03',5),(16135,'99.55','0.41','2020-04-19','19:31:04',5),(16136,'98.82','0.41','2020-04-19','19:31:04',5),(16137,'100.71','0.42','2020-04-19','19:31:05',5),(16138,'122.30','0.51','2020-04-19','19:31:06',5),(16139,'125.58','0.52','2020-04-19','19:31:07',5),(16140,'23.95','0.10','2020-04-19','20:04:03',6),(16141,'23.60','0.10','2020-04-19','20:04:04',6),(16142,'23.38','0.10','2020-04-19','20:04:04',6),(16143,'22.60','0.09','2020-04-19','20:04:05',6),(16144,'23.77','0.10','2020-04-19','20:04:06',6),(16145,'21.88','0.09','2020-04-19','20:04:07',6),(16146,'24.07','0.10','2020-04-19','20:04:08',6),(16147,'23.19','0.10','2020-04-19','20:04:09',6),(16148,'23.29','0.10','2020-04-19','20:04:10',6),(16149,'23.45','0.10','2020-04-19','20:04:11',6),(16150,'23.23','0.10','2020-04-19','20:04:12',6),(16151,'24.79','0.10','2020-04-19','20:04:13',6),(16152,'23.86','0.10','2020-04-19','20:04:13',6),(16153,'24.47','0.10','2020-04-19','20:04:14',6),(16154,'23.98','0.10','2020-04-19','20:04:15',6),(16155,'23.48','0.10','2020-04-19','20:04:16',6),(16156,'24.34','0.10','2020-04-19','20:04:17',6),(16157,'24.57','0.10','2020-04-19','20:04:18',6),(16158,'23.89','0.10','2020-04-19','20:04:19',6),(16159,'24.30','0.10','2020-04-19','20:04:20',6),(16160,'24.71','0.10','2020-04-19','20:04:21',6),(16161,'24.22','0.10','2020-04-19','20:04:22',6),(16162,'23.99','0.10','2020-04-19','20:04:22',6),(16163,'24.65','0.10','2020-04-19','20:04:23',6),(16164,'24.12','0.10','2020-04-19','20:04:24',6),(16165,'24.71','0.10','2020-04-19','20:04:25',6),(16166,'24.47','0.10','2020-04-19','20:04:26',6),(16167,'23.84','0.10','2020-04-19','20:04:27',6),(16168,'24.74','0.10','2020-04-19','20:04:28',6),(16169,'23.91','0.10','2020-04-19','20:04:29',6),(16170,'23.96','0.10','2020-04-19','20:04:30',6),(16171,'23.86','0.10','2020-04-19','20:04:31',6),(16172,'24.38','0.10','2020-04-19','20:04:31',6),(16173,'24.44','0.10','2020-04-19','20:04:32',6),(16174,'24.47','0.10','2020-04-19','20:04:33',6),(16175,'24.02','0.10','2020-04-19','20:04:34',6),(16176,'24.47','0.10','2020-04-19','20:04:35',6),(16177,'22.97','0.10','2020-04-19','20:04:36',6),(16178,'23.74','0.10','2020-04-19','20:04:37',6),(16179,'24.44','0.10','2020-04-19','20:04:38',6),(16180,'24.82','0.10','2020-04-19','20:04:39',6),(16181,'24.35','0.10','2020-04-19','20:04:40',6),(16182,'24.32','0.10','2020-04-19','20:04:40',6),(16183,'24.35','0.10','2020-04-19','20:04:41',6),(16184,'24.29','0.10','2020-04-19','20:04:42',6),(16185,'24.46','0.10','2020-04-19','20:04:43',6),(16186,'24.56','0.10','2020-04-19','20:04:44',6),(16187,'23.29','0.10','2020-04-19','20:04:45',6),(16188,'23.89','0.10','2020-04-19','20:04:46',6),(16189,'24.13','0.10','2020-04-19','20:04:47',6),(16190,'24.39','0.10','2020-04-19','20:04:48',6),(16191,'23.49','0.10','2020-04-19','20:04:49',6),(16192,'24.39','0.10','2020-04-19','20:04:49',6),(16193,'24.51','0.10','2020-04-19','20:04:50',6),(16194,'24.21','0.10','2020-04-19','20:04:51',6),(16195,'23.95','0.10','2020-04-19','20:04:52',6),(16196,'23.56','0.10','2020-04-19','20:04:53',6),(16197,'24.58','0.10','2020-04-19','20:04:54',6),(16198,'23.69','0.10','2020-04-19','20:04:55',6),(16199,'24.09','0.10','2020-04-19','20:04:56',6),(16200,'24.28','0.10','2020-04-19','20:04:57',6),(16201,'24.15','0.10','2020-04-19','20:04:58',6),(16202,'23.37','0.10','2020-04-19','20:04:58',6),(16203,'24.23','0.10','2020-04-19','20:04:59',6),(16204,'24.10','0.10','2020-04-19','20:05:00',6),(16205,'23.82','0.10','2020-04-19','20:05:01',6),(16206,'24.34','0.10','2020-04-19','20:05:02',6),(16207,'24.20','0.10','2020-04-19','20:05:03',6),(16208,'24.38','0.10','2020-04-19','20:05:04',6),(16209,'24.60','0.10','2020-04-19','20:05:05',6),(16210,'24.38','0.10','2020-04-19','20:05:06',6),(16211,'23.94','0.10','2020-04-19','20:05:07',6),(16212,'24.40','0.10','2020-04-19','20:05:07',6),(16213,'24.58','0.10','2020-04-19','20:05:08',6),(16214,'23.07','0.10','2020-04-19','20:05:09',6),(16215,'24.51','0.10','2020-04-19','20:05:10',6),(16216,'24.33','0.10','2020-04-19','20:05:11',6),(16217,'24.05','0.10','2020-04-19','20:05:12',6),(16218,'23.98','0.10','2020-04-19','20:05:13',6),(16219,'24.09','0.10','2020-04-19','20:05:14',6),(16220,'23.71','0.10','2020-04-19','20:05:15',6),(16221,'23.62','0.10','2020-04-19','20:05:16',6),(16222,'24.63','0.10','2020-04-19','20:05:16',6),(16223,'23.55','0.10','2020-04-19','20:05:17',6),(16224,'24.19','0.10','2020-04-19','20:05:18',6),(16225,'23.53','0.10','2020-04-19','20:05:19',6),(16226,'23.32','0.10','2020-04-19','20:05:20',6),(16227,'24.22','0.10','2020-04-19','20:05:21',6),(16228,'24.07','0.10','2020-04-19','20:05:22',6),(16229,'23.98','0.10','2020-04-19','20:05:23',6),(16230,'24.11','0.10','2020-04-19','20:05:24',6),(16231,'23.64','0.10','2020-04-19','20:05:25',6),(16232,'24.35','0.10','2020-04-19','20:05:25',6),(16233,'24.01','0.10','2020-04-19','20:05:26',6),(16234,'24.09','0.10','2020-04-19','20:05:27',6),(16235,'24.29','0.10','2020-04-19','20:05:28',6),(16236,'23.76','0.10','2020-04-19','20:05:29',6),(16237,'23.97','0.10','2020-04-19','20:05:30',6),(16238,'24.26','0.10','2020-04-19','20:05:31',6),(16239,'24.06','0.10','2020-04-19','20:05:32',6),(16240,'24.16','0.10','2020-04-19','20:05:33',6),(16241,'23.79','0.10','2020-04-19','20:05:34',6),(16242,'23.77','0.10','2020-04-19','20:05:34',6),(16243,'24.27','0.10','2020-04-19','20:05:35',6),(16244,'24.16','0.10','2020-04-19','20:05:36',6),(16245,'24.09','0.10','2020-04-19','20:05:37',6),(16246,'23.53','0.10','2020-04-19','20:05:38',6),(16247,'22.40','0.09','2020-04-19','20:05:39',6),(16248,'22.87','0.10','2020-04-19','20:05:40',6),(16249,'22.69','0.09','2020-04-19','20:05:41',6),(16250,'23.70','0.10','2020-04-19','20:05:42',6),(16251,'23.00','0.10','2020-04-19','20:05:42',6),(16252,'24.17','0.10','2020-04-19','20:05:43',6),(16253,'24.00','0.10','2020-04-19','20:05:44',6),(16254,'23.82','0.10','2020-04-19','20:05:45',6),(16255,'23.07','0.10','2020-04-19','20:05:46',6),(16256,'22.95','0.10','2020-04-19','20:05:47',6),(16257,'24.21','0.10','2020-04-19','20:05:48',6),(16258,'24.14','0.10','2020-04-19','20:05:49',6),(16259,'23.75','0.10','2020-04-19','20:05:50',6),(16260,'23.96','0.10','2020-04-19','20:05:51',6),(16261,'24.00','0.10','2020-04-19','20:05:51',6),(16262,'24.35','0.10','2020-04-19','20:05:52',6),(16263,'24.27','0.10','2020-04-19','20:05:53',6),(16264,'23.88','0.10','2020-04-19','20:05:54',6),(16265,'23.92','0.10','2020-04-19','20:05:55',6),(16266,'24.16','0.10','2020-04-19','20:05:56',6),(16267,'23.65','0.10','2020-04-19','20:05:57',6),(16268,'23.90','0.10','2020-04-19','20:05:58',6),(16269,'23.71','0.10','2020-04-19','20:05:59',6),(16270,'23.75','0.10','2020-04-19','20:06:00',6),(16271,'23.74','0.10','2020-04-19','20:06:00',6),(16272,'23.75','0.10','2020-04-19','20:06:01',6),(16273,'22.68','0.09','2020-04-19','20:06:02',6),(16274,'22.33','0.09','2020-04-19','20:06:03',6),(16275,'22.89','0.10','2020-04-19','20:06:04',6),(16276,'22.89','0.10','2020-04-19','20:06:05',6),(16277,'23.22','0.10','2020-04-19','20:06:06',6),(16278,'23.75','0.10','2020-04-19','20:06:07',6),(16279,'23.90','0.10','2020-04-19','20:06:08',6),(16280,'23.68','0.10','2020-04-19','20:06:09',6),(16281,'23.67','0.10','2020-04-19','20:06:09',6),(16282,'22.56','0.09','2020-04-19','20:06:10',6),(16283,'24.50','0.10','2020-04-19','20:06:11',6),(16284,'22.90','0.10','2020-04-19','20:06:12',6),(16285,'23.64','0.10','2020-04-19','20:06:13',6),(16286,'24.02','0.10','2020-04-19','20:06:14',6),(16287,'23.62','0.10','2020-04-19','20:06:15',6),(16288,'23.33','0.10','2020-04-19','20:06:16',6),(16289,'23.74','0.10','2020-04-19','20:06:17',6),(16290,'24.03','0.10','2020-04-19','20:06:18',6),(16291,'23.53','0.10','2020-04-19','20:06:18',6),(16292,'23.77','0.10','2020-04-19','20:06:19',6),(16293,'22.63','0.09','2020-04-19','20:06:20',6),(16294,'23.69','0.10','2020-04-19','20:06:21',6),(16295,'23.36','0.10','2020-04-19','20:06:22',6),(16296,'23.74','0.10','2020-04-19','20:06:23',6),(16297,'24.17','0.10','2020-04-19','20:06:24',6),(16298,'23.14','0.10','2020-04-19','20:06:25',6),(16299,'23.72','0.10','2020-04-19','20:06:26',6),(16300,'23.50','0.10','2020-04-19','20:06:27',6),(16301,'23.82','0.10','2020-04-19','20:06:27',6),(16302,'23.92','0.10','2020-04-19','20:06:28',6),(16303,'24.05','0.10','2020-04-19','20:06:29',6),(16304,'23.79','0.10','2020-04-19','20:06:30',6),(16305,'23.86','0.10','2020-04-19','20:06:31',6),(16306,'24.21','0.10','2020-04-19','20:06:32',6),(16307,'24.13','0.10','2020-04-19','20:06:33',6),(16308,'23.72','0.10','2020-04-19','20:06:34',6),(16309,'23.89','0.10','2020-04-19','20:06:35',6),(16310,'23.64','0.10','2020-04-19','20:06:36',6),(16311,'24.63','0.10','2020-04-19','20:06:36',6),(16312,'23.49','0.10','2020-04-19','20:06:37',6),(16313,'22.38','0.09','2020-04-19','20:06:38',6),(16314,'24.48','0.10','2020-04-19','20:06:39',6),(16315,'23.84','0.10','2020-04-19','20:06:40',6),(16316,'23.49','0.10','2020-04-19','20:06:41',6),(16317,'23.72','0.10','2020-04-19','20:06:42',6),(16318,'23.27','0.10','2020-04-19','20:06:43',6),(16319,'24.08','0.10','2020-04-19','20:06:44',6),(16320,'24.06','0.10','2020-04-19','20:06:45',6),(16321,'24.01','0.10','2020-04-19','20:06:45',6),(16322,'24.00','0.10','2020-04-19','20:06:46',6),(16323,'23.02','0.10','2020-04-19','20:06:47',6),(16324,'23.30','0.10','2020-04-19','20:06:48',6),(16325,'23.48','0.10','2020-04-19','20:06:49',6),(16326,'23.48','0.10','2020-04-19','20:06:50',6),(16327,'23.28','0.10','2020-04-19','20:06:51',6),(16328,'23.45','0.10','2020-04-19','20:06:52',6),(16329,'22.29','0.09','2020-04-19','20:06:53',6),(16330,'23.70','0.10','2020-04-19','20:06:54',6),(16331,'23.79','0.10','2020-04-19','20:06:54',6),(16332,'23.96','0.10','2020-04-19','20:06:55',6),(16333,'24.39','0.10','2020-04-19','20:06:56',6),(16334,'23.95','0.10','2020-04-19','20:06:57',6),(16335,'24.16','0.10','2020-04-19','20:06:58',6),(16336,'24.31','0.10','2020-04-19','20:06:59',6),(16337,'23.95','0.10','2020-04-19','20:07:00',6),(16338,'24.29','0.10','2020-04-19','20:07:01',6),(16339,'24.09','0.10','2020-04-19','20:07:02',6),(16340,'23.84','0.10','2020-04-19','20:07:03',6),(16341,'23.66','0.10','2020-04-19','20:07:03',6),(16342,'24.06','0.10','2020-04-19','20:07:04',6),(16343,'23.56','0.10','2020-04-19','20:07:05',6),(16344,'23.78','0.10','2020-04-19','20:07:06',6),(16345,'23.82','0.10','2020-04-19','20:07:07',6),(16346,'23.94','0.10','2020-04-19','20:07:08',6),(16347,'23.42','0.10','2020-04-19','20:07:09',6),(16348,'23.18','0.10','2020-04-19','20:07:10',6),(16349,'21.72','0.09','2020-04-19','20:07:11',6),(16350,'22.13','0.09','2020-04-19','20:07:12',6),(16351,'22.75','0.09','2020-04-19','20:07:12',6),(16352,'23.29','0.10','2020-04-19','20:07:13',6),(16353,'22.93','0.10','2020-04-19','20:07:14',6),(16354,'23.11','0.10','2020-04-19','20:07:15',6),(16355,'23.56','0.10','2020-04-19','20:07:16',6),(16356,'22.85','0.10','2020-04-19','20:07:17',6),(16357,'21.62','0.09','2020-04-19','20:07:18',6),(16358,'21.72','0.09','2020-04-19','20:07:19',6),(16359,'22.80','0.10','2020-04-19','20:07:20',6),(16360,'23.45','0.10','2020-04-19','20:07:21',6),(16361,'22.91','0.10','2020-04-19','20:07:21',6),(16362,'20.99','0.09','2020-04-19','20:07:22',6),(16363,'22.94','0.10','2020-04-19','20:07:23',6),(16364,'22.97','0.10','2020-04-19','20:07:24',6),(16365,'24.54','0.10','2020-04-19','20:07:25',6),(16366,'23.17','0.10','2020-04-19','20:07:26',6),(16367,'23.36','0.10','2020-04-19','20:07:27',6),(16368,'23.37','0.10','2020-04-19','20:07:28',6),(16369,'24.03','0.10','2020-04-19','20:07:29',6),(16370,'24.36','0.10','2020-04-19','20:07:30',6),(16371,'23.91','0.10','2020-04-19','20:07:30',6),(16372,'24.09','0.10','2020-04-19','20:07:31',6),(16373,'23.80','0.10','2020-04-19','20:07:32',6),(16374,'24.35','0.10','2020-04-19','20:07:33',6),(16375,'24.17','0.10','2020-04-19','20:07:34',6),(16376,'23.77','0.10','2020-04-19','20:07:35',6),(16377,'23.44','0.10','2020-04-19','20:07:36',6),(16378,'24.35','0.10','2020-04-19','20:07:37',6),(16379,'23.85','0.10','2020-04-19','20:07:38',6),(16380,'23.54','0.10','2020-04-19','20:07:39',6),(16381,'24.01','0.10','2020-04-19','20:07:39',6),(16382,'24.18','0.10','2020-04-19','20:07:40',6),(16383,'24.08','0.10','2020-04-19','20:07:41',6),(16384,'23.54','0.10','2020-04-19','20:07:42',6),(16385,'23.87','0.10','2020-04-19','20:07:43',6),(16386,'23.40','0.10','2020-04-19','20:07:44',6),(16387,'24.37','0.10','2020-04-19','20:07:45',6),(16388,'23.91','0.10','2020-04-19','20:07:46',6),(16389,'24.51','0.10','2020-04-19','20:07:47',6),(16390,'23.50','0.10','2020-04-19','20:07:48',6),(16391,'24.06','0.10','2020-04-19','20:07:48',6),(16392,'23.74','0.10','2020-04-19','20:07:49',6),(16393,'23.98','0.10','2020-04-19','20:07:50',6),(16394,'23.86','0.10','2020-04-19','20:07:51',6),(16395,'22.19','0.09','2020-04-19','20:07:52',6),(16396,'24.11','0.10','2020-04-19','20:07:53',6),(16397,'22.86','0.10','2020-04-19','20:07:54',6),(16398,'24.44','0.10','2020-04-19','20:07:55',6),(16399,'24.59','0.10','2020-04-19','20:07:56',6),(16400,'23.61','0.10','2020-04-19','20:07:56',6),(16401,'21.50','0.09','2020-04-19','20:07:57',6),(16402,'22.17','0.09','2020-04-19','20:07:58',6),(16403,'23.52','0.10','2020-04-19','20:07:59',6),(16404,'21.86','0.09','2020-04-19','20:08:00',6),(16405,'23.72','0.10','2020-04-19','20:08:01',6),(16406,'23.59','0.10','2020-04-19','20:08:02',6),(16407,'22.95','0.10','2020-04-19','20:08:03',6),(16408,'23.12','0.10','2020-04-19','20:08:04',6),(16409,'24.10','0.10','2020-04-19','20:08:05',6),(16410,'23.80','0.10','2020-04-19','20:08:06',6),(16411,'24.01','0.10','2020-04-19','20:08:06',6),(16412,'23.13','0.10','2020-04-19','20:08:07',6),(16413,'24.05','0.10','2020-04-19','20:08:08',6),(16414,'23.63','0.10','2020-04-19','20:08:09',6),(16415,'23.30','0.10','2020-04-19','20:08:10',6),(16416,'22.29','0.09','2020-04-19','20:08:11',6),(16417,'22.46','0.09','2020-04-19','20:08:12',6),(16418,'22.83','0.10','2020-04-19','20:08:13',6),(16419,'23.60','0.10','2020-04-19','20:08:14',6),(16420,'23.10','0.10','2020-04-19','20:08:15',6),(16421,'23.45','0.10','2020-04-19','20:08:15',6),(16422,'23.91','0.10','2020-04-19','20:08:16',6),(16423,'22.97','0.10','2020-04-19','20:08:17',6),(16424,'23.47','0.10','2020-04-19','20:08:18',6),(16425,'23.70','0.10','2020-04-19','20:08:19',6),(16426,'23.60','0.10','2020-04-19','20:08:20',6),(16427,'22.89','0.10','2020-04-19','20:08:21',6),(16428,'22.95','0.10','2020-04-19','20:08:22',6),(16429,'23.52','0.10','2020-04-19','20:08:23',6),(16430,'23.07','0.10','2020-04-19','20:08:24',6),(16431,'24.50','0.10','2020-04-19','20:08:24',6),(16432,'24.08','0.10','2020-04-19','20:08:25',6),(16433,'23.45','0.10','2020-04-19','20:08:26',6),(16434,'24.08','0.10','2020-04-19','20:08:27',6),(16435,'23.93','0.10','2020-04-19','20:08:28',6),(16436,'24.09','0.10','2020-04-19','20:08:29',6),(16437,'24.26','0.10','2020-04-19','20:08:30',6),(16438,'23.98','0.10','2020-04-19','20:08:31',6),(16439,'24.27','0.10','2020-04-19','20:08:32',6),(16440,'23.77','0.10','2020-04-19','20:08:32',6),(16441,'23.81','0.10','2020-04-19','20:08:33',6),(16442,'23.55','0.10','2020-04-19','20:08:34',6),(16443,'23.80','0.10','2020-04-19','20:08:35',6),(16444,'24.37','0.10','2020-04-19','20:08:36',6),(16445,'23.57','0.10','2020-04-19','20:08:37',6),(16446,'23.93','0.10','2020-04-19','20:08:38',6),(16447,'24.34','0.10','2020-04-19','20:08:39',6),(16448,'24.11','0.10','2020-04-19','20:08:40',6),(16449,'23.87','0.10','2020-04-19','20:08:41',6),(16450,'23.84','0.10','2020-04-19','20:08:41',6),(16451,'23.94','0.10','2020-04-19','20:08:42',6),(16452,'23.18','0.10','2020-04-19','20:08:43',6),(16453,'23.48','0.10','2020-04-19','20:08:44',6),(16454,'24.13','0.10','2020-04-19','20:08:45',6),(16455,'23.48','0.10','2020-04-19','20:08:46',6),(16456,'23.83','0.10','2020-04-19','20:08:47',6),(16457,'23.79','0.10','2020-04-19','20:08:48',6),(16458,'23.06','0.10','2020-04-19','20:08:49',6),(16459,'23.42','0.10','2020-04-19','20:08:50',6),(16460,'22.31','0.09','2020-04-19','20:08:50',6),(16461,'22.73','0.09','2020-04-19','20:08:51',6),(16462,'23.00','0.10','2020-04-19','20:08:52',6),(16463,'23.42','0.10','2020-04-19','20:08:53',6),(16464,'24.28','0.10','2020-04-19','20:08:54',6),(16465,'23.83','0.10','2020-04-19','20:08:55',6),(16466,'24.68','0.10','2020-04-19','20:08:56',6),(16467,'24.23','0.10','2020-04-19','20:08:57',6),(16468,'24.06','0.10','2020-04-19','20:08:58',6),(16469,'23.82','0.10','2020-04-19','20:08:59',6),(16470,'23.74','0.10','2020-04-19','20:08:59',6),(16471,'23.67','0.10','2020-04-19','20:09:00',6),(16472,'23.67','0.10','2020-04-19','20:09:01',6),(16473,'23.46','0.10','2020-04-19','20:09:02',6),(16474,'24.12','0.10','2020-04-19','20:09:03',6),(16475,'23.72','0.10','2020-04-19','20:09:04',6),(16476,'23.04','0.10','2020-04-19','20:09:05',6),(16477,'23.18','0.10','2020-04-19','20:09:06',6),(16478,'23.74','0.10','2020-04-19','20:09:07',6),(16479,'23.62','0.10','2020-04-19','20:09:08',6),(16480,'22.94','0.10','2020-04-19','20:09:08',6),(16481,'23.22','0.10','2020-04-19','20:09:09',6),(16482,'22.88','0.10','2020-04-19','20:09:10',6),(16483,'22.62','0.09','2020-04-19','20:09:11',6),(16484,'23.17','0.10','2020-04-19','20:09:12',6),(16485,'23.78','0.10','2020-04-19','20:09:13',6),(16486,'24.18','0.10','2020-04-19','20:09:14',6),(16487,'23.53','0.10','2020-04-19','20:09:15',6),(16488,'23.93','0.10','2020-04-19','20:09:16',6),(16489,'22.87','0.10','2020-04-19','20:09:17',6),(16490,'22.84','0.10','2020-04-19','20:09:17',6),(16491,'23.56','0.10','2020-04-19','20:09:18',6),(16492,'23.45','0.10','2020-04-19','20:09:19',6),(16493,'24.00','0.10','2020-04-19','20:09:20',6),(16494,'23.68','0.10','2020-04-19','20:09:21',6),(16495,'23.76','0.10','2020-04-19','20:09:22',6),(16496,'24.09','0.10','2020-04-19','20:09:23',6),(16497,'24.13','0.10','2020-04-19','20:09:24',6),(16498,'23.76','0.10','2020-04-19','20:09:25',6),(16499,'23.74','0.10','2020-04-19','20:09:26',6),(16500,'23.83','0.10','2020-04-19','20:09:26',6),(16501,'23.86','0.10','2020-04-19','20:09:27',6),(16502,'24.10','0.10','2020-04-19','20:09:28',6),(16503,'23.78','0.10','2020-04-19','20:09:29',6),(16504,'24.28','0.10','2020-04-19','20:09:30',6),(16505,'24.01','0.10','2020-04-19','20:09:31',6),(16506,'23.36','0.10','2020-04-19','20:09:32',6),(16507,'22.91','0.10','2020-04-19','20:09:33',6),(16508,'23.24','0.10','2020-04-19','20:09:34',6),(16509,'23.20','0.10','2020-04-19','20:09:35',6),(16510,'23.72','0.10','2020-04-19','20:09:35',6),(16511,'23.15','0.10','2020-04-19','20:09:36',6),(16512,'23.95','0.10','2020-04-19','20:09:37',6),(16513,'24.22','0.10','2020-04-19','20:09:38',6),(16514,'24.24','0.10','2020-04-19','20:09:39',6),(16515,'23.83','0.10','2020-04-19','20:09:40',6),(16516,'24.21','0.10','2020-04-19','20:09:41',6),(16517,'24.05','0.10','2020-04-19','20:09:42',6),(16518,'23.44','0.10','2020-04-19','20:09:43',6),(16519,'23.85','0.10','2020-04-19','20:09:44',6),(16520,'23.54','0.10','2020-04-19','20:09:44',6),(16521,'23.56','0.10','2020-04-19','20:09:45',6),(16522,'23.19','0.10','2020-04-19','20:09:46',6),(16523,'23.01','0.10','2020-04-19','20:09:47',6),(16524,'24.16','0.10','2020-04-19','20:09:48',6),(16525,'22.42','0.09','2020-04-19','20:09:49',6),(16526,'22.62','0.09','2020-04-19','20:09:50',6),(16527,'25.04','0.10','2020-04-19','20:09:51',6),(16528,'24.07','0.10','2020-04-19','20:09:52',6),(16529,'23.80','0.10','2020-04-19','20:09:53',6),(16530,'23.89','0.10','2020-04-19','20:09:53',6),(16531,'24.65','0.10','2020-04-19','20:09:54',6),(16532,'23.97','0.10','2020-04-19','20:09:55',6),(16533,'24.02','0.10','2020-04-19','20:09:56',6),(16534,'23.91','0.10','2020-04-19','20:09:57',6),(16535,'23.15','0.10','2020-04-19','20:09:58',6),(16536,'23.52','0.10','2020-04-19','20:09:59',6),(16537,'23.13','0.10','2020-04-19','20:10:00',6),(16538,'22.84','0.10','2020-04-19','20:10:01',6),(16539,'22.82','0.10','2020-04-19','20:10:02',6),(16540,'23.38','0.10','2020-04-19','20:10:02',6),(16541,'23.53','0.10','2020-04-19','20:10:03',6),(16542,'24.05','0.10','2020-04-19','20:10:04',6),(16543,'23.43','0.10','2020-04-19','20:10:05',6),(16544,'23.40','0.10','2020-04-19','20:10:06',6),(16545,'22.99','0.10','2020-04-19','20:10:07',6),(16546,'22.35','0.09','2020-04-19','20:10:08',6),(16547,'23.28','0.10','2020-04-19','20:10:09',6),(16548,'24.04','0.10','2020-04-19','20:10:10',6),(16549,'22.88','0.10','2020-04-19','20:10:10',6),(16550,'23.74','0.10','2020-04-19','20:10:11',6),(16551,'22.99','0.10','2020-04-19','20:10:12',6),(16552,'23.09','0.10','2020-04-19','20:10:13',6),(16553,'22.96','0.10','2020-04-19','20:10:14',6),(16554,'24.59','0.10','2020-04-19','20:10:15',6),(16555,'24.04','0.10','2020-04-19','20:10:16',6),(16556,'23.64','0.10','2020-04-19','20:10:17',6),(16557,'24.17','0.10','2020-04-19','20:10:18',6),(16558,'24.30','0.10','2020-04-19','20:10:19',6),(16559,'24.04','0.10','2020-04-19','20:10:19',6),(16560,'23.88','0.10','2020-04-19','20:10:20',6),(16561,'22.61','0.09','2020-04-19','20:10:21',6),(16562,'22.75','0.09','2020-04-19','20:10:22',6),(16563,'23.92','0.10','2020-04-19','20:10:23',6),(16564,'22.81','0.10','2020-04-19','20:10:24',6),(16565,'24.35','0.10','2020-04-19','20:10:25',6),(16566,'23.86','0.10','2020-04-19','20:10:26',6),(16567,'23.06','0.10','2020-04-19','20:10:27',6),(16568,'23.03','0.10','2020-04-19','20:10:28',6),(16569,'23.82','0.10','2020-04-19','20:10:28',6),(16570,'23.36','0.10','2020-04-19','20:10:29',6),(16571,'23.91','0.10','2020-04-19','20:10:30',6),(16572,'24.30','0.10','2020-04-19','20:10:31',6),(16573,'23.91','0.10','2020-04-19','20:10:32',6),(16574,'23.97','0.10','2020-04-19','20:10:33',6),(16575,'24.31','0.10','2020-04-19','20:10:34',6),(16576,'22.77','0.09','2020-04-19','20:10:35',6),(16577,'23.69','0.10','2020-04-19','20:10:36',6),(16578,'23.79','0.10','2020-04-19','20:10:37',6),(16579,'23.53','0.10','2020-04-19','20:10:37',6),(16580,'23.57','0.10','2020-04-19','20:10:38',6),(16581,'23.89','0.10','2020-04-19','20:10:39',6),(16582,'23.96','0.10','2020-04-19','20:10:40',6),(16583,'24.17','0.10','2020-04-19','20:10:41',6),(16584,'24.16','0.10','2020-04-19','20:10:42',6),(16585,'24.21','0.10','2020-04-19','20:10:43',6),(16586,'23.50','0.10','2020-04-19','20:10:44',6),(16587,'24.65','0.10','2020-04-19','20:10:45',6),(16588,'23.95','0.10','2020-04-19','20:10:46',6),(16589,'24.11','0.10','2020-04-19','20:10:46',6),(16590,'23.37','0.10','2020-04-19','20:10:47',6),(16591,'24.21','0.10','2020-04-19','20:10:48',6),(16592,'23.66','0.10','2020-04-19','20:10:49',6),(16593,'23.64','0.10','2020-04-19','20:10:50',6),(16594,'24.32','0.10','2020-04-19','20:10:51',6),(16595,'23.99','0.10','2020-04-19','20:10:52',6),(16596,'24.10','0.10','2020-04-19','20:10:53',6),(16597,'23.16','0.10','2020-04-19','20:10:54',6),(16598,'24.14','0.10','2020-04-19','20:10:55',6),(16599,'23.35','0.10','2020-04-19','20:10:55',6),(16600,'23.40','0.10','2020-04-19','20:10:56',6),(16601,'23.65','0.10','2020-04-19','20:10:57',6),(16602,'24.15','0.10','2020-04-19','20:10:58',6),(16603,'23.55','0.10','2020-04-19','20:10:59',6),(16604,'23.77','0.10','2020-04-19','20:11:00',6),(16605,'24.13','0.10','2020-04-19','20:11:01',6),(16606,'23.91','0.10','2020-04-19','20:11:02',6),(16607,'23.26','0.10','2020-04-19','20:11:03',6),(16608,'23.41','0.10','2020-04-19','20:11:04',6),(16609,'23.88','0.10','2020-04-19','20:11:04',6),(16610,'22.66','0.09','2020-04-19','20:11:05',6),(16611,'21.63','0.09','2020-04-19','20:11:06',6),(16612,'22.97','0.10','2020-04-19','20:11:07',6),(16613,'22.71','0.09','2020-04-19','20:11:08',6),(16614,'22.76','0.09','2020-04-19','20:11:09',6),(16615,'23.69','0.10','2020-04-19','20:11:10',6),(16616,'24.40','0.10','2020-04-19','20:11:11',6),(16617,'24.10','0.10','2020-04-19','20:11:12',6),(16618,'24.02','0.10','2020-04-19','20:11:13',6),(16619,'24.41','0.10','2020-04-19','20:11:13',6),(16620,'24.52','0.10','2020-04-19','20:11:14',6),(16621,'23.84','0.10','2020-04-19','20:11:15',6),(16622,'24.31','0.10','2020-04-19','20:11:16',6),(16623,'24.09','0.10','2020-04-19','20:11:17',6),(16624,'24.16','0.10','2020-04-19','20:11:18',6),(16625,'24.14','0.10','2020-04-19','20:11:19',6),(16626,'24.25','0.10','2020-04-19','20:11:20',6),(16627,'23.93','0.10','2020-04-19','20:11:21',6),(16628,'24.41','0.10','2020-04-19','20:11:22',6),(16629,'23.62','0.10','2020-04-19','20:11:22',6),(16630,'23.53','0.10','2020-04-19','20:11:23',6),(16631,'23.64','0.10','2020-04-19','20:11:24',6),(16632,'23.67','0.10','2020-04-19','20:11:25',6),(16633,'24.68','0.10','2020-04-19','20:11:26',6),(16634,'23.72','0.10','2020-04-19','20:11:27',6),(16635,'24.28','0.10','2020-04-19','20:11:28',6),(16636,'23.97','0.10','2020-04-19','20:11:29',6),(16637,'24.03','0.10','2020-04-19','20:11:30',6),(16638,'23.89','0.10','2020-04-19','20:11:31',6),(16639,'23.72','0.10','2020-04-19','20:11:31',6),(16640,'24.02','0.10','2020-04-19','20:11:32',6),(16641,'24.26','0.10','2020-04-19','20:11:33',6),(16642,'24.25','0.10','2020-04-19','20:11:34',6),(16643,'24.32','0.10','2020-04-19','20:11:35',6),(16644,'23.50','0.10','2020-04-19','20:11:36',6),(16645,'23.23','0.10','2020-04-19','20:11:37',6),(16646,'23.48','0.10','2020-04-19','20:11:38',6),(16647,'22.38','0.09','2020-04-19','20:11:39',6),(16648,'24.69','0.10','2020-04-19','20:11:40',6),(16649,'23.79','0.10','2020-04-19','20:11:40',6),(16650,'24.10','0.10','2020-04-19','20:11:41',6),(16651,'23.82','0.10','2020-04-19','20:11:42',6),(16652,'23.76','0.10','2020-04-19','20:11:43',6),(16653,'23.68','0.10','2020-04-19','20:11:44',6),(16654,'23.79','0.10','2020-04-19','20:11:45',6),(16655,'23.89','0.10','2020-04-19','20:11:46',6),(16656,'23.76','0.10','2020-04-19','20:11:47',6),(16657,'24.08','0.10','2020-04-19','20:11:48',6),(16658,'23.67','0.10','2020-04-19','20:11:48',6),(16659,'24.11','0.10','2020-04-19','20:11:49',6),(16660,'23.83','0.10','2020-04-19','20:11:50',6),(16661,'24.34','0.10','2020-04-19','20:11:51',6),(16662,'23.63','0.10','2020-04-19','20:11:52',6),(16663,'23.97','0.10','2020-04-19','20:11:53',6),(16664,'24.17','0.10','2020-04-19','20:11:54',6),(16665,'23.91','0.10','2020-04-19','20:11:55',6),(16666,'23.98','0.10','2020-04-19','20:11:56',6),(16667,'24.15','0.10','2020-04-19','20:11:57',6),(16668,'24.47','0.10','2020-04-19','20:11:58',6),(16669,'23.73','0.10','2020-04-19','20:11:58',6),(16670,'23.77','0.10','2020-04-19','20:11:59',6),(16671,'24.28','0.10','2020-04-19','20:12:00',6),(16672,'23.86','0.10','2020-04-19','20:12:01',6),(16673,'24.01','0.10','2020-04-19','20:12:02',6),(16674,'24.40','0.10','2020-04-19','20:12:03',6),(16675,'23.89','0.10','2020-04-19','20:12:04',6),(16676,'23.65','0.10','2020-04-19','20:12:05',6),(16677,'24.18','0.10','2020-04-19','20:12:06',6),(16678,'24.39','0.10','2020-04-19','20:12:07',6),(16679,'23.80','0.10','2020-04-19','20:12:07',6),(16680,'22.72','0.09','2020-04-19','20:12:08',6),(16681,'23.76','0.10','2020-04-19','20:12:09',6),(16682,'24.38','0.10','2020-04-19','20:12:10',6),(16683,'23.40','0.10','2020-04-19','20:12:11',6),(16684,'22.96','0.10','2020-04-19','20:12:12',6),(16685,'23.19','0.10','2020-04-19','20:12:13',6),(16686,'21.68','0.09','2020-04-19','20:12:14',6),(16687,'22.62','0.09','2020-04-19','20:12:15',6),(16688,'24.67','0.10','2020-04-19','20:12:16',6),(16689,'24.13','0.10','2020-04-19','20:12:16',6),(16690,'23.78','0.10','2020-04-19','20:12:17',6),(16691,'24.23','0.10','2020-04-19','20:12:18',6),(16692,'23.78','0.10','2020-04-19','20:12:19',6),(16693,'23.09','0.10','2020-04-19','20:12:20',6),(16694,'23.83','0.10','2020-04-19','20:12:21',6),(16695,'23.67','0.10','2020-04-19','20:12:22',6),(16696,'23.69','0.10','2020-04-19','20:12:23',6),(16697,'23.87','0.10','2020-04-19','20:12:24',6),(16698,'23.23','0.10','2020-04-19','20:12:24',6),(16699,'22.85','0.10','2020-04-19','20:12:25',6),(16700,'23.49','0.10','2020-04-19','20:12:26',6),(16701,'23.11','0.10','2020-04-19','20:12:27',6),(16702,'23.27','0.10','2020-04-19','20:12:28',6),(16703,'23.54','0.10','2020-04-19','20:12:29',6),(16704,'23.90','0.10','2020-04-19','20:12:30',6),(16705,'23.78','0.10','2020-04-19','20:12:31',6),(16706,'23.59','0.10','2020-04-19','20:12:32',6),(16707,'24.39','0.10','2020-04-19','20:12:33',6),(16708,'23.53','0.10','2020-04-19','20:12:33',6),(16709,'22.79','0.09','2020-04-19','20:12:34',6),(16710,'23.48','0.10','2020-04-19','20:12:35',6),(16711,'22.96','0.10','2020-04-19','20:12:36',6),(16712,'24.08','0.10','2020-04-19','20:12:37',6),(16713,'23.30','0.10','2020-04-19','20:12:38',6),(16714,'23.67','0.10','2020-04-19','20:12:39',6),(16715,'23.54','0.10','2020-04-19','20:12:40',6),(16716,'22.05','0.09','2020-04-19','20:12:41',6),(16717,'23.61','0.10','2020-04-19','20:12:42',6),(16718,'23.91','0.10','2020-04-19','20:12:42',6),(16719,'24.68','0.10','2020-04-19','20:12:43',6),(16720,'24.60','0.10','2020-04-19','20:12:44',6),(16721,'23.92','0.10','2020-04-19','20:12:45',6),(16722,'24.09','0.10','2020-04-19','20:12:46',6),(16723,'23.87','0.10','2020-04-19','20:12:47',6),(16724,'24.10','0.10','2020-04-19','20:12:48',6),(16725,'23.76','0.10','2020-04-19','20:12:49',6),(16726,'22.51','0.09','2020-04-19','20:12:50',6),(16727,'24.13','0.10','2020-04-19','20:12:51',6),(16728,'22.83','0.10','2020-04-19','20:12:51',6),(16729,'23.08','0.10','2020-04-19','20:12:52',6),(16730,'22.33','0.09','2020-04-19','20:12:53',6),(16731,'23.75','0.10','2020-04-19','20:12:54',6),(16732,'22.78','0.09','2020-04-19','20:12:55',6),(16733,'24.14','0.10','2020-04-19','20:12:56',6),(16734,'23.51','0.10','2020-04-19','20:12:57',6),(16735,'24.02','0.10','2020-04-19','20:12:58',6),(16736,'22.90','0.10','2020-04-19','20:12:59',6),(16737,'22.70','0.09','2020-04-19','20:13:00',6),(16738,'22.84','0.10','2020-04-19','20:13:00',6),(16739,'23.97','0.10','2020-04-19','20:13:01',6),(16740,'23.39','0.10','2020-04-19','20:13:02',6),(16741,'23.93','0.10','2020-04-19','20:13:03',6),(16742,'23.28','0.10','2020-04-19','20:13:04',6),(16743,'23.23','0.10','2020-04-19','20:13:05',6),(16744,'23.09','0.10','2020-04-19','20:13:06',6),(16745,'23.75','0.10','2020-04-19','20:13:07',6),(16746,'23.25','0.10','2020-04-19','20:13:08',6),(16747,'23.84','0.10','2020-04-19','20:13:09',6),(16748,'22.53','0.09','2020-04-19','20:13:09',6),(16749,'22.61','0.09','2020-04-19','20:13:10',6),(16750,'22.73','0.09','2020-04-19','20:13:11',6),(16751,'24.42','0.10','2020-04-19','20:13:12',6),(16752,'25.25','0.11','2020-04-19','20:13:13',6),(16753,'24.18','0.10','2020-04-19','20:13:14',6),(16754,'23.40','0.10','2020-04-19','20:13:15',6),(16755,'23.87','0.10','2020-04-19','20:13:16',6),(16756,'23.45','0.10','2020-04-19','20:13:17',6),(16757,'23.85','0.10','2020-04-19','20:13:18',6),(16758,'24.42','0.10','2020-04-19','20:13:18',6),(16759,'24.26','0.10','2020-04-19','20:13:19',6),(16760,'24.25','0.10','2020-04-19','20:13:20',6),(16761,'24.36','0.10','2020-04-19','20:13:21',6),(16762,'24.44','0.10','2020-04-19','20:13:22',6),(16763,'24.36','0.10','2020-04-19','20:13:23',6),(16764,'24.06','0.10','2020-04-19','20:13:24',6),(16765,'23.52','0.10','2020-04-19','20:20:30',6),(16766,'22.61','0.09','2020-04-19','20:20:31',6),(16767,'24.41','0.10','2020-04-19','20:20:32',6),(16768,'24.19','0.10','2020-04-19','20:20:33',6),(16769,'23.46','0.10','2020-04-19','20:20:33',6),(16770,'25.01','0.10','2020-04-19','20:20:34',6),(16771,'24.28','0.10','2020-04-19','20:20:35',6),(16772,'24.17','0.10','2020-04-19','20:20:36',6),(16773,'23.30','0.10','2020-04-19','20:20:37',6),(16774,'24.00','0.10','2020-04-19','20:20:38',6),(16775,'23.62','0.10','2020-04-19','20:20:39',6),(16776,'24.98','0.10','2020-04-19','20:20:40',6),(16777,'24.88','0.10','2020-04-19','20:20:41',6),(16778,'23.93','0.10','2020-04-19','20:20:42',6),(16779,'24.79','0.10','2020-04-19','20:20:42',6),(16780,'24.04','0.10','2020-04-19','20:20:43',6),(16781,'23.72','0.10','2020-04-19','20:20:44',6),(16782,'24.19','0.10','2020-04-19','20:20:45',6),(16783,'24.73','0.10','2020-04-19','20:20:46',6),(16784,'25.13','0.10','2020-04-19','20:20:47',6),(16785,'23.68','0.10','2020-04-19','20:20:48',6),(16786,'25.13','0.10','2020-04-19','20:20:49',6),(16787,'24.59','0.10','2020-04-19','20:20:50',6),(16788,'25.38','0.11','2020-04-19','20:20:51',6),(16789,'23.15','0.10','2020-04-19','20:20:51',6),(16790,'24.30','0.10','2020-04-19','20:20:52',6),(16791,'25.74','0.11','2020-04-19','20:20:53',6),(16792,'24.26','0.10','2020-04-19','20:20:54',6),(16793,'24.54','0.10','2020-04-19','20:20:55',6),(16794,'23.85','0.10','2020-04-19','20:20:56',6),(16795,'23.14','0.10','2020-04-19','20:20:57',6),(16796,'24.21','0.10','2020-04-19','20:20:58',6),(16797,'24.85','0.10','2020-04-19','20:20:59',6),(16798,'22.94','0.10','2020-04-19','20:21:00',6),(16799,'24.43','0.10','2020-04-19','20:21:00',6),(16800,'21.55','0.09','2020-04-19','20:21:01',6),(16801,'22.79','0.09','2020-04-19','20:21:02',6),(16802,'24.13','0.10','2020-04-19','20:21:03',6),(16803,'23.66','0.10','2020-04-19','20:21:04',6),(16804,'24.21','0.10','2020-04-19','20:21:05',6),(16805,'26.14','0.11','2020-04-19','20:21:06',6),(16806,'24.69','0.10','2020-04-19','20:21:07',6),(16807,'24.90','0.10','2020-04-19','20:21:08',6),(16808,'24.33','0.10','2020-04-19','20:21:09',6),(16809,'24.18','0.10','2020-04-19','20:21:09',6),(16810,'25.59','0.11','2020-04-19','20:21:10',6),(16811,'25.47','0.11','2020-04-19','20:21:11',6),(16812,'25.77','0.11','2020-04-19','20:21:12',6),(16813,'25.35','0.11','2020-04-19','20:21:13',6),(16814,'24.79','0.10','2020-04-19','20:21:14',6),(16815,'25.22','0.11','2020-04-19','20:21:15',6),(16816,'24.73','0.10','2020-04-19','20:21:16',6),(16817,'25.52','0.11','2020-04-19','20:21:17',6),(16818,'25.00','0.10','2020-04-19','20:21:18',6),(16819,'24.84','0.10','2020-04-19','20:21:18',6),(16820,'23.50','0.10','2020-04-19','20:21:19',6),(16821,'24.68','0.10','2020-04-19','20:21:20',6),(16822,'23.66','0.10','2020-04-19','20:21:21',6),(16823,'24.65','0.10','2020-04-19','20:21:22',6),(16824,'24.75','0.10','2020-04-19','20:21:23',6),(16825,'24.02','0.10','2020-04-19','20:21:24',6),(16826,'24.02','0.10','2020-04-19','20:21:25',6),(16827,'25.13','0.10','2020-04-19','20:21:26',6),(16828,'24.49','0.10','2020-04-19','20:21:27',6),(16829,'24.93','0.10','2020-04-19','20:21:27',6),(16830,'25.01','0.10','2020-04-19','20:21:28',6),(16831,'24.63','0.10','2020-04-19','20:21:29',6),(16832,'24.11','0.10','2020-04-19','20:21:30',6),(16833,'22.94','0.10','2020-04-19','20:21:31',6),(16834,'24.55','0.10','2020-04-19','20:21:32',6),(16835,'23.33','0.10','2020-04-19','20:21:33',6),(16836,'22.95','0.10','2020-04-19','20:21:34',6),(16837,'24.68','0.10','2020-04-19','20:21:35',6),(16838,'25.61','0.11','2020-04-19','20:21:36',6),(16839,'25.68','0.11','2020-04-19','20:21:36',6),(16840,'25.18','0.10','2020-04-19','20:21:37',6),(16841,'24.78','0.10','2020-04-19','20:21:38',6),(16842,'26.02','0.11','2020-04-19','20:21:39',6),(16843,'25.18','0.10','2020-04-19','20:21:40',6),(16844,'25.88','0.11','2020-04-19','20:21:41',6),(16845,'24.45','0.10','2020-04-19','20:21:42',6),(16846,'25.12','0.10','2020-04-19','20:21:43',6),(16847,'25.29','0.11','2020-04-19','20:21:44',6),(16848,'24.24','0.10','2020-04-19','20:21:45',6),(16849,'24.38','0.10','2020-04-19','20:21:45',6),(16850,'25.26','0.11','2020-04-19','20:21:46',6),(16851,'24.06','0.10','2020-04-19','20:21:47',6),(16852,'24.35','0.10','2020-04-19','20:21:48',6),(16853,'25.10','0.10','2020-04-19','20:21:49',6),(16854,'23.78','0.10','2020-04-19','20:21:50',6),(16855,'24.86','0.10','2020-04-19','20:21:51',6),(16856,'24.64','0.10','2020-04-19','20:21:52',6),(16857,'24.11','0.10','2020-04-19','20:21:53',6),(16858,'24.80','0.10','2020-04-19','20:21:54',6),(16859,'24.78','0.10','2020-04-19','20:21:55',6),(16860,'25.07','0.10','2020-04-19','20:21:55',6),(16861,'24.00','0.10','2020-04-19','20:21:56',6),(16862,'23.91','0.10','2020-04-19','20:21:57',6),(16863,'25.29','0.11','2020-04-19','20:21:58',6),(16864,'23.34','0.10','2020-04-19','20:21:59',6),(16865,'21.95','0.09','2020-04-19','20:22:00',6),(16866,'22.00','0.09','2020-04-19','20:22:01',6),(16867,'23.26','0.10','2020-04-19','20:22:02',6),(16868,'23.55','0.10','2020-04-19','20:22:03',6),(16869,'24.49','0.10','2020-04-19','20:22:04',6),(16870,'24.20','0.10','2020-04-19','20:22:04',6),(16871,'23.99','0.10','2020-04-19','20:22:05',6),(16872,'23.42','0.10','2020-04-19','20:22:06',6),(16873,'22.73','0.09','2020-04-19','20:22:07',6),(16874,'24.43','0.10','2020-04-19','20:22:08',6),(16875,'22.51','0.09','2020-04-19','20:22:09',6),(16876,'24.09','0.10','2020-04-19','20:22:10',6),(16877,'23.25','0.10','2020-04-19','20:22:11',6),(16878,'23.19','0.10','2020-04-19','20:22:12',6),(16879,'24.63','0.10','2020-04-19','20:22:13',6),(16880,'24.76','0.10','2020-04-19','20:22:13',6),(16881,'24.12','0.10','2020-04-19','20:22:14',6),(16882,'24.99','0.10','2020-04-19','20:22:15',6),(16883,'24.16','0.10','2020-04-19','20:22:16',6),(16884,'24.49','0.10','2020-04-19','20:22:17',6),(16885,'24.08','0.10','2020-04-19','20:22:18',6),(16886,'23.39','0.10','2020-04-19','20:22:19',6),(16887,'24.15','0.10','2020-04-19','20:22:20',6),(16888,'23.47','0.10','2020-04-19','20:22:21',6),(16889,'25.68','0.11','2020-04-19','20:22:22',6),(16890,'24.38','0.10','2020-04-19','20:22:22',6),(16891,'23.58','0.10','2020-04-19','20:22:23',6),(16892,'23.79','0.10','2020-04-19','20:22:24',6),(16893,'24.61','0.10','2020-04-19','20:22:25',6),(16894,'24.88','0.10','2020-04-19','20:22:26',6),(16895,'23.71','0.10','2020-04-19','20:22:27',6),(16896,'24.38','0.10','2020-04-19','20:22:28',6),(16897,'24.01','0.10','2020-04-19','20:22:29',6),(16898,'26.47','0.11','2020-04-19','20:22:30',6),(16899,'25.54','0.11','2020-04-19','20:22:31',6),(16900,'25.16','0.10','2020-04-19','20:22:31',6),(16901,'25.24','0.11','2020-04-19','20:22:32',6),(16902,'25.79','0.11','2020-04-19','20:22:33',6),(16903,'24.61','0.10','2020-04-19','20:22:34',6),(16904,'25.30','0.11','2020-04-19','20:22:35',6),(16905,'24.56','0.10','2020-04-19','20:22:36',6),(16906,'25.24','0.11','2020-04-19','20:22:37',6),(16907,'25.12','0.10','2020-04-19','20:22:38',6),(16908,'24.67','0.10','2020-04-19','20:22:39',6),(16909,'25.86','0.11','2020-04-19','20:22:40',6),(16910,'24.49','0.10','2020-04-19','20:22:40',6),(16911,'24.81','0.10','2020-04-19','20:22:41',6),(16912,'23.98','0.10','2020-04-19','20:22:42',6),(16913,'22.73','0.09','2020-04-19','20:22:43',6),(16914,'23.98','0.10','2020-04-19','20:22:44',6),(16915,'23.37','0.10','2020-04-19','20:22:45',6),(16916,'24.00','0.10','2020-04-19','20:22:46',6),(16917,'23.16','0.10','2020-04-19','20:22:47',6),(16918,'24.47','0.10','2020-04-19','20:22:48',6),(16919,'24.13','0.10','2020-04-19','20:22:49',6),(16920,'25.29','0.11','2020-04-19','20:22:50',6),(16921,'24.30','0.10','2020-04-19','20:22:50',6),(16922,'24.68','0.10','2020-04-19','20:22:51',6),(16923,'23.48','0.10','2020-04-19','20:22:52',6),(16924,'25.09','0.10','2020-04-19','20:22:53',6),(16925,'24.83','0.10','2020-04-19','20:22:54',6),(16926,'24.85','0.10','2020-04-19','20:22:55',6),(16927,'24.04','0.10','2020-04-19','20:22:56',6),(16928,'24.34','0.10','2020-04-19','20:22:57',6),(16929,'25.70','0.11','2020-04-19','20:22:58',6),(16930,'24.26','0.10','2020-04-19','20:22:59',6),(16931,'24.98','0.10','2020-04-19','20:22:59',6),(16932,'24.44','0.10','2020-04-19','20:23:00',6),(16933,'25.58','0.11','2020-04-19','20:23:01',6),(16934,'23.86','0.10','2020-04-19','20:23:02',6),(16935,'24.18','0.10','2020-04-19','20:23:03',6),(16936,'24.34','0.10','2020-04-19','20:23:04',6),(16937,'23.77','0.10','2020-04-19','20:23:05',6),(16938,'25.07','0.10','2020-04-19','20:23:06',6),(16939,'23.42','0.10','2020-04-19','20:23:07',6),(16940,'24.46','0.10','2020-04-19','20:23:08',6),(16941,'24.38','0.10','2020-04-19','20:23:08',6),(16942,'25.25','0.11','2020-04-19','20:23:09',6),(16943,'25.15','0.10','2020-04-19','20:23:10',6),(16944,'24.51','0.10','2020-04-19','20:23:11',6),(16945,'22.65','0.09','2020-04-19','20:23:12',6),(16946,'23.89','0.10','2020-04-19','20:23:13',6),(16947,'24.87','0.10','2020-04-19','20:23:14',6),(16948,'25.39','0.11','2020-04-19','20:23:15',6),(16949,'25.07','0.10','2020-04-19','20:23:16',6),(16950,'25.23','0.11','2020-04-19','20:23:17',6),(16951,'25.66','0.11','2020-04-19','20:23:17',6),(16952,'25.53','0.11','2020-04-19','20:23:18',6),(16953,'25.04','0.10','2020-04-19','20:23:19',6),(16954,'25.38','0.11','2020-04-19','20:23:20',6),(16955,'25.05','0.10','2020-04-19','20:23:21',6),(16956,'25.19','0.10','2020-04-19','20:23:22',6),(16957,'24.57','0.10','2020-04-19','20:23:23',6),(16958,'25.66','0.11','2020-04-19','20:23:24',6),(16959,'24.85','0.10','2020-04-19','20:23:25',6),(16960,'24.05','0.10','2020-04-19','20:23:26',6),(16961,'25.47','0.11','2020-04-19','20:23:26',6),(16962,'25.76','0.11','2020-04-19','20:23:27',6),(16963,'25.39','0.11','2020-04-19','20:23:28',6),(16964,'26.09','0.11','2020-04-19','20:23:29',6),(16965,'25.30','0.11','2020-04-19','20:23:30',6),(16966,'25.58','0.11','2020-04-19','20:23:31',6),(16967,'25.10','0.10','2020-04-19','20:23:32',6),(16968,'25.90','0.11','2020-04-19','20:23:33',6),(16969,'25.88','0.11','2020-04-19','20:23:34',6),(16970,'25.37','0.11','2020-04-19','20:23:35',6),(16971,'25.25','0.11','2020-04-19','20:23:35',6),(16972,'26.16','0.11','2020-04-19','20:23:36',6),(16973,'25.88','0.11','2020-04-19','20:23:37',6),(16974,'26.16','0.11','2020-04-19','20:23:38',6),(16975,'25.76','0.11','2020-04-19','20:23:39',6),(16976,'26.37','0.11','2020-04-19','20:23:40',6),(16977,'25.81','0.11','2020-04-19','20:23:41',6),(16978,'25.55','0.11','2020-04-19','20:23:42',6),(16979,'25.60','0.11','2020-04-19','20:23:43',6),(16980,'25.97','0.11','2020-04-19','20:23:44',6),(16981,'26.15','0.11','2020-04-19','20:23:44',6),(16982,'24.94','0.10','2020-04-19','20:23:45',6),(16983,'25.75','0.11','2020-04-19','20:23:46',6),(16984,'25.77','0.11','2020-04-19','20:23:47',6),(16985,'25.83','0.11','2020-04-19','20:23:48',6),(16986,'25.54','0.11','2020-04-19','20:23:49',6),(16987,'26.27','0.11','2020-04-19','20:23:50',6),(16988,'26.42','0.11','2020-04-19','20:23:51',6),(16989,'26.37','0.11','2020-04-19','20:23:52',6),(16990,'25.91','0.11','2020-04-19','20:23:53',6),(16991,'26.01','0.11','2020-04-19','20:23:53',6),(16992,'26.19','0.11','2020-04-19','20:23:54',6),(16993,'24.96','0.10','2020-04-19','20:23:55',6),(16994,'26.48','0.11','2020-04-19','20:23:56',6),(16995,'25.72','0.11','2020-04-19','20:23:57',6),(16996,'25.71','0.11','2020-04-19','20:23:58',6),(16997,'25.59','0.11','2020-04-19','20:23:59',6),(16998,'26.26','0.11','2020-04-19','20:24:00',6),(16999,'25.20','0.10','2020-04-19','20:24:01',6),(17000,'25.36','0.11','2020-04-19','20:24:02',6),(17001,'25.56','0.11','2020-04-19','20:24:02',6),(17002,'25.55','0.11','2020-04-19','20:24:03',6),(17003,'25.55','0.11','2020-04-19','20:24:04',6),(17004,'24.64','0.10','2020-04-19','20:24:05',6),(17005,'25.25','0.11','2020-04-19','20:24:06',6),(17006,'24.90','0.10','2020-04-19','20:24:07',6),(17007,'26.33','0.11','2020-04-19','20:24:08',6),(17008,'25.55','0.11','2020-04-19','20:24:09',6),(17009,'25.40','0.11','2020-04-19','20:24:10',6),(17010,'25.28','0.11','2020-04-19','20:24:11',6),(17011,'25.49','0.11','2020-04-19','20:24:11',6),(17012,'26.08','0.11','2020-04-19','20:24:12',6),(17013,'25.89','0.11','2020-04-19','20:24:13',6),(17014,'25.13','0.10','2020-04-19','20:24:14',6),(17015,'26.32','0.11','2020-04-19','20:24:15',6),(17016,'25.55','0.11','2020-04-19','20:24:16',6),(17017,'24.74','0.10','2020-04-19','21:44:38',6),(17018,'24.73','0.10','2020-04-19','21:44:39',6),(17019,'25.34','0.11','2020-04-19','21:44:40',6),(17020,'24.34','0.10','2020-04-19','21:44:41',6),(17021,'24.05','0.10','2020-04-19','21:44:42',6),(17022,'24.07','0.10','2020-04-19','21:44:43',6),(17023,'22.31','0.09','2020-04-19','21:44:44',6),(17024,'24.53','0.10','2020-04-19','21:44:45',6),(17025,'22.97','0.10','2020-04-19','21:44:45',6),(17026,'23.51','0.10','2020-04-19','21:44:46',6),(17027,'23.46','0.10','2020-04-19','21:44:47',6),(17028,'25.55','0.11','2020-04-19','21:44:48',6),(17029,'26.04','0.11','2020-04-19','21:44:49',6),(17030,'25.19','0.10','2020-04-19','21:44:50',6),(17031,'25.47','0.11','2020-04-19','21:44:51',6),(17032,'24.82','0.10','2020-04-19','21:44:52',6),(17033,'24.11','0.10','2020-04-19','21:44:53',6),(17034,'25.30','0.11','2020-04-19','21:44:54',6),(17035,'24.11','0.10','2020-04-19','21:44:54',6),(17036,'24.91','0.10','2020-04-19','21:44:55',6),(17037,'24.86','0.10','2020-04-19','21:44:56',6),(17038,'24.99','0.10','2020-04-19','21:44:57',6),(17039,'25.33','0.11','2020-04-19','21:44:58',6),(17040,'25.97','0.11','2020-04-19','21:44:59',6),(17041,'25.30','0.11','2020-04-19','21:45:00',6),(17042,'24.72','0.10','2020-04-19','21:45:01',6),(17043,'24.83','0.10','2020-04-19','21:45:02',6),(17044,'25.94','0.11','2020-04-19','21:45:03',6),(17045,'26.59','0.11','2020-04-19','21:45:03',6),(17046,'25.55','0.11','2020-04-19','21:45:04',6),(17047,'25.68','0.11','2020-04-19','21:45:05',6),(17048,'26.41','0.11','2020-04-19','21:45:06',6),(17049,'26.34','0.11','2020-04-19','21:45:07',6),(17050,'26.11','0.11','2020-04-19','21:45:08',6),(17051,'24.98','0.10','2020-04-19','21:45:09',6),(17052,'24.47','0.10','2020-04-19','21:45:10',6),(17053,'23.27','0.10','2020-04-19','21:45:11',6),(17054,'21.28','0.09','2020-04-19','21:45:12',6),(17055,'22.82','0.10','2020-04-19','21:45:12',6),(17056,'23.04','0.10','2020-04-19','21:45:13',6),(17057,'24.47','0.10','2020-04-19','21:45:14',6),(17058,'23.20','0.10','2020-04-19','21:45:15',6),(17059,'25.06','0.10','2020-04-19','21:45:16',6),(17060,'24.54','0.10','2020-04-19','21:45:17',6),(17061,'24.02','0.10','2020-04-19','21:45:18',6),(17062,'25.58','0.11','2020-04-19','21:45:19',6),(17063,'25.78','0.11','2020-04-19','21:45:20',6),(17064,'25.68','0.11','2020-04-19','21:45:21',6),(17065,'24.65','0.10','2020-04-19','21:45:21',6),(17066,'25.71','0.11','2020-04-19','21:45:22',6),(17067,'25.01','0.10','2020-04-19','21:45:23',6),(17068,'23.34','0.10','2020-04-19','21:45:24',6),(17069,'22.99','0.10','2020-04-19','21:45:25',6),(17070,'24.34','0.10','2020-04-19','21:45:26',6),(17071,'26.32','0.11','2020-04-19','21:45:27',6),(17072,'23.38','0.10','2020-04-19','21:45:28',6),(17073,'24.99','0.10','2020-04-19','21:45:29',6),(17074,'25.63','0.11','2020-04-19','21:45:30',6),(17075,'25.22','0.11','2020-04-19','21:45:30',6),(17076,'25.62','0.11','2020-04-19','21:45:31',6),(17077,'25.53','0.11','2020-04-19','21:45:32',6),(17078,'25.17','0.10','2020-04-19','21:45:33',6),(17079,'24.15','0.10','2020-04-19','21:45:34',6),(17080,'23.80','0.10','2020-04-19','21:45:35',6),(17081,'22.78','0.09','2020-04-19','23:07:23',5),(17082,'23.73','0.10','2020-04-19','23:07:24',5),(17083,'23.42','0.10','2020-04-19','23:07:25',5),(17084,'23.33','0.10','2020-04-19','23:07:26',5),(17085,'23.32','0.10','2020-04-19','23:07:27',5),(17086,'23.02','0.10','2020-04-19','23:07:28',5),(17087,'23.62','0.10','2020-04-19','23:07:29',5),(17088,'23.38','0.10','2020-04-19','23:07:29',5),(17089,'23.37','0.10','2020-04-19','23:07:30',5),(17090,'22.88','0.10','2020-04-19','23:07:31',5),(17091,'23.72','0.10','2020-04-19','23:07:32',5),(17092,'23.37','0.10','2020-04-19','23:07:33',5),(17093,'23.28','0.10','2020-04-19','23:07:34',5),(17094,'23.35','0.10','2020-04-19','23:07:35',5),(17095,'22.84','0.10','2020-04-19','23:07:36',5),(17096,'23.53','0.10','2020-04-19','23:07:37',5),(17097,'23.50','0.10','2020-04-19','23:07:38',5),(17098,'23.35','0.10','2020-04-19','23:07:38',5),(17099,'23.39','0.10','2020-04-19','23:07:39',5),(17100,'22.84','0.10','2020-04-19','23:07:40',5),(17101,'23.36','0.10','2020-04-19','23:07:41',5),(17102,'23.54','0.10','2020-04-19','23:07:42',5),(17103,'23.37','0.10','2020-04-19','23:07:43',5),(17104,'23.08','0.10','2020-04-19','23:07:44',5),(17105,'23.50','0.10','2020-04-19','23:07:45',5),(17106,'23.45','0.10','2020-04-19','23:07:46',5),(17107,'23.31','0.10','2020-04-19','23:07:47',5),(17108,'23.47','0.10','2020-04-19','23:07:47',5),(17109,'23.35','0.10','2020-04-19','23:07:48',5),(17110,'23.34','0.10','2020-04-19','23:07:49',5),(17111,'23.45','0.10','2020-04-19','23:07:50',5),(17112,'23.35','0.10','2020-04-19','23:07:51',5),(17113,'23.24','0.10','2020-04-19','23:07:52',5),(17114,'23.31','0.10','2020-04-19','23:07:53',5),(17115,'23.05','0.10','2020-04-19','23:07:54',5),(17116,'23.13','0.10','2020-04-19','23:07:55',5),(17117,'23.47','0.10','2020-04-19','23:07:56',5),(17118,'23.41','0.10','2020-04-19','23:07:56',5),(17119,'23.01','0.10','2020-04-19','23:07:57',5),(17120,'23.03','0.10','2020-04-19','23:07:58',5),(17121,'23.16','0.10','2020-04-19','23:07:59',5),(17122,'22.80','0.10','2020-04-19','23:08:00',5),(17123,'23.21','0.10','2020-04-19','23:08:01',5),(17124,'23.35','0.10','2020-04-19','23:08:02',5),(17125,'23.21','0.10','2020-04-19','23:08:03',5),(17126,'22.82','0.10','2020-04-19','23:08:04',5),(17127,'23.20','0.10','2020-04-19','23:08:05',5),(17128,'23.36','0.10','2020-04-19','23:08:06',5),(17129,'23.16','0.10','2020-04-19','23:08:06',5),(17130,'22.53','0.09','2020-04-19','23:08:07',5),(17131,'20.60','0.09','2020-04-19','23:08:08',5),(17132,'22.81','0.10','2020-04-19','23:08:09',5),(17133,'19.88','0.08','2020-04-19','23:08:10',5),(17134,'23.75','0.10','2020-04-19','23:08:11',5),(17135,'23.39','0.10','2020-04-19','23:08:12',5),(17136,'23.29','0.10','2020-04-19','23:08:13',5),(17137,'22.82','0.10','2020-04-19','23:08:14',5),(17138,'23.23','0.10','2020-04-19','23:08:15',5),(17139,'22.96','0.10','2020-04-19','23:08:15',5),(17140,'22.66','0.09','2020-04-19','23:08:16',5),(17141,'23.36','0.10','2020-04-19','23:08:17',5),(17142,'22.83','0.10','2020-04-19','23:08:18',5),(17143,'23.62','0.10','2020-04-19','23:08:19',5),(17144,'23.41','0.10','2020-04-19','23:08:20',5),(17145,'23.40','0.10','2020-04-19','23:08:21',5),(17146,'22.66','0.09','2020-04-19','23:08:22',5),(17147,'22.27','0.09','2020-04-19','23:08:23',5),(17148,'23.27','0.10','2020-04-19','23:08:24',5),(17149,'22.35','0.09','2020-04-19','23:08:24',5),(17150,'22.62','0.09','2020-04-19','23:08:25',5),(17151,'22.52','0.09','2020-04-19','23:08:26',5),(17152,'21.78','0.09','2020-04-19','23:08:27',5),(17153,'18.88','0.08','2020-04-19','23:08:28',5),(17154,'21.81','0.09','2020-04-19','23:08:29',5),(17155,'20.18','0.08','2020-04-19','23:08:30',5),(17156,'23.91','0.10','2020-04-19','23:08:31',5),(17157,'23.33','0.10','2020-04-19','23:08:32',5),(17158,'22.61','0.09','2020-04-19','23:08:33',5),(17159,'23.63','0.10','2020-04-19','23:08:33',5),(17160,'23.42','0.10','2020-04-19','23:08:34',5),(17161,'22.67','0.09','2020-04-19','23:08:35',5),(17162,'23.85','0.10','2020-04-19','23:08:36',5),(17163,'23.41','0.10','2020-04-19','23:08:37',5),(17164,'23.41','0.10','2020-04-19','23:08:38',5),(17165,'22.94','0.10','2020-04-19','23:08:39',5),(17166,'23.38','0.10','2020-04-19','23:08:40',5),(17167,'23.24','0.10','2020-04-19','23:08:41',5),(17168,'23.37','0.10','2020-04-19','23:08:42',5),(17169,'23.38','0.10','2020-04-19','23:08:42',5),(17170,'20.87','0.09','2020-04-19','23:08:43',5),(17171,'22.73','0.09','2020-04-19','23:08:44',5),(17172,'23.27','0.10','2020-04-19','23:08:45',5),(17173,'23.10','0.10','2020-04-19','23:08:46',5),(17174,'23.07','0.10','2020-04-19','23:08:47',5),(17175,'23.06','0.10','2020-04-19','23:08:48',5),(17176,'23.43','0.10','2020-04-19','23:08:49',5),(17177,'23.42','0.10','2020-04-19','23:08:50',5),(17178,'23.41','0.10','2020-04-19','23:08:51',5),(17179,'23.38','0.10','2020-04-19','23:08:51',5),(17180,'23.42','0.10','2020-04-19','23:08:52',5),(17181,'23.26','0.10','2020-04-19','23:08:53',5),(17182,'23.28','0.10','2020-04-19','23:08:54',5),(17183,'23.21','0.10','2020-04-19','23:08:55',5),(17184,'23.21','0.10','2020-04-19','23:08:56',5),(17185,'23.42','0.10','2020-04-19','23:08:57',5),(17186,'22.00','0.09','2020-04-19','23:08:58',5),(17187,'21.78','0.09','2020-04-19','23:08:59',5),(17188,'23.33','0.10','2020-04-19','23:09:00',5),(17189,'23.22','0.10','2020-04-19','23:09:00',5),(17190,'23.39','0.10','2020-04-19','23:09:01',5),(17191,'23.02','0.10','2020-04-19','23:09:02',5),(17192,'23.39','0.10','2020-04-19','23:09:03',5),(17193,'23.37','0.10','2020-04-19','23:09:04',5),(17194,'23.31','0.10','2020-04-19','23:09:05',5),(17195,'23.22','0.10','2020-04-19','23:09:06',5),(17196,'23.38','0.10','2020-04-19','23:09:07',5),(17197,'22.58','0.09','2020-04-19','23:09:08',5),(17198,'21.37','0.09','2020-04-19','23:09:09',5),(17199,'18.15','0.08','2020-04-19','23:09:09',5),(17200,'17.33','0.07','2020-04-19','23:09:10',5),(17201,'21.08','0.09','2020-04-19','23:09:11',5),(17202,'21.98','0.09','2020-04-19','23:09:12',5),(17203,'22.96','0.10','2020-04-19','23:09:13',5),(17204,'21.06','0.09','2020-04-19','23:09:14',5),(17205,'21.85','0.09','2020-04-19','23:09:15',5),(17206,'22.49','0.09','2020-04-19','23:09:16',5),(17207,'23.19','0.10','2020-04-19','23:09:17',5),(17208,'22.90','0.10','2020-04-19','23:09:18',5),(17209,'22.01','0.09','2020-04-19','23:09:19',5),(17210,'21.39','0.09','2020-04-19','23:09:19',5),(17211,'22.29','0.09','2020-04-19','23:09:20',5),(17212,'21.63','0.09','2020-04-19','23:09:21',5),(17213,'21.91','0.09','2020-04-19','23:09:22',5),(17214,'21.32','0.09','2020-04-19','23:09:23',5),(17215,'19.32','0.08','2020-04-19','23:09:24',5),(17216,'20.04','0.08','2020-04-19','23:09:25',5),(17217,'20.94','0.09','2020-04-19','23:09:26',5),(17218,'22.57','0.09','2020-04-19','23:09:27',5),(17219,'21.34','0.09','2020-04-19','23:09:28',5),(17220,'20.97','0.09','2020-04-19','23:09:28',5),(17221,'21.11','0.09','2020-04-19','23:09:29',5),(17222,'21.38','0.09','2020-04-19','23:09:30',5),(17223,'21.77','0.09','2020-04-19','23:09:31',5),(17224,'22.18','0.09','2020-04-19','23:09:32',5),(17225,'23.25','0.10','2020-04-19','23:09:33',5),(17226,'23.38','0.10','2020-04-19','23:14:33',6),(17227,'23.10','0.10','2020-04-19','23:14:34',6),(17228,'22.08','0.09','2020-04-19','23:14:35',6),(17229,'22.13','0.09','2020-04-19','23:14:36',6),(17230,'22.57','0.09','2020-04-19','23:14:36',6),(17231,'23.55','0.10','2020-04-19','23:14:37',6),(17232,'23.87','0.10','2020-04-19','23:14:38',6),(17233,'22.89','0.10','2020-04-19','23:14:39',6),(17234,'23.90','0.10','2020-04-19','23:14:40',6),(17235,'24.29','0.10','2020-04-19','23:14:41',6),(17236,'23.65','0.10','2020-04-19','23:14:42',6),(17237,'24.16','0.10','2020-04-19','23:14:43',6),(17238,'24.53','0.10','2020-04-19','23:14:44',6),(17239,'25.04','0.10','2020-04-19','23:14:45',6),(17240,'23.53','0.10','2020-04-19','23:14:46',6),(17241,'30.47','0.13','2020-04-19','23:16:19',5),(17242,'32.33','0.13','2020-04-19','23:16:20',5),(17243,'32.62','0.14','2020-04-19','23:16:20',5),(17244,'34.22','0.14','2020-04-19','23:16:21',5),(17245,'32.10','0.13','2020-04-19','23:16:22',5),(17246,'31.97','0.13','2020-04-19','23:16:23',5),(17247,'31.76','0.13','2020-04-19','23:16:24',5),(17248,'31.60','0.13','2020-04-19','23:16:25',5),(17249,'32.24','0.13','2020-04-19','23:16:26',5),(17250,'32.89','0.14','2020-04-19','23:16:27',5),(17251,'33.43','0.14','2020-04-19','23:16:28',5),(17252,'31.91','0.13','2020-04-19','23:16:29',5),(17253,'32.97','0.14','2020-04-19','23:16:30',5),(17254,'31.42','0.13','2020-04-19','23:16:31',5),(17255,'33.03','0.14','2020-04-19','23:16:32',5),(17256,'32.28','0.13','2020-04-19','23:16:32',5),(17257,'33.02','0.14','2020-04-19','23:16:33',5),(17258,'31.55','0.13','2020-04-19','23:16:34',5),(17259,'35.79','0.15','2020-04-19','23:16:35',5),(17260,'34.47','0.14','2020-04-19','23:16:36',5),(17261,'35.30','0.15','2020-04-19','23:16:37',5),(17262,'41.37','0.17','2020-04-19','23:16:38',5),(17263,'41.55','0.17','2020-04-19','23:16:39',5),(17264,'40.98','0.17','2020-04-19','23:16:40',5),(17265,'41.09','0.17','2020-04-19','23:16:41',5),(17266,'42.06','0.18','2020-04-19','23:16:42',5),(17267,'41.70','0.17','2020-04-19','23:16:43',5),(17268,'41.16','0.17','2020-04-19','23:16:44',5),(17269,'57.11','0.24','2020-04-19','23:16:44',5),(17270,'57.08','0.24','2020-04-19','23:16:45',5),(17271,'56.73','0.24','2020-04-19','23:16:46',5),(17272,'56.61','0.24','2020-04-19','23:16:47',5),(17273,'57.29','0.24','2020-04-19','23:16:48',5),(17274,'55.63','0.23','2020-04-19','23:16:49',5),(17275,'56.59','0.24','2020-04-19','23:16:50',5),(17276,'54.44','0.23','2020-04-19','23:16:51',5),(17277,'56.16','0.23','2020-04-19','23:16:52',5),(17278,'56.82','0.24','2020-04-19','23:16:53',5),(17279,'56.49','0.24','2020-04-19','23:16:54',5),(17280,'56.74','0.24','2020-04-19','23:16:55',5),(17281,'57.18','0.24','2020-04-19','23:16:56',5),(17282,'56.42','0.24','2020-04-19','23:16:57',5),(17283,'56.62','0.24','2020-04-19','23:16:58',5),(17284,'56.53','0.24','2020-04-19','23:16:58',5),(17285,'57.17','0.24','2020-04-19','23:16:59',5),(17286,'56.90','0.24','2020-04-19','23:17:00',5),(17287,'56.12','0.23','2020-04-19','23:17:01',5),(17288,'57.06','0.24','2020-04-19','23:17:02',5),(17289,'56.47','0.24','2020-04-19','23:17:03',5),(17290,'56.72','0.24','2020-04-19','23:17:04',5),(17291,'56.83','0.24','2020-04-19','23:17:05',5),(17292,'55.80','0.23','2020-04-19','23:17:06',5),(17293,'55.97','0.23','2020-04-19','23:17:07',5),(17294,'55.91','0.23','2020-04-19','23:17:08',5),(17295,'56.24','0.23','2020-04-19','23:17:09',5),(17296,'57.22','0.24','2020-04-19','23:17:10',5),(17297,'55.70','0.23','2020-04-19','23:17:11',5),(17298,'57.24','0.24','2020-04-19','23:17:11',5),(17299,'56.27','0.23','2020-04-19','23:17:12',5),(17300,'57.12','0.24','2020-04-19','23:17:13',5),(17301,'55.21','0.23','2020-04-19','23:17:14',5),(17302,'56.31','0.23','2020-04-19','23:17:15',5),(17303,'129.37','0.54','2020-04-20','01:38:29',5),(17304,'100.21','0.42','2020-04-20','01:38:30',5),(17305,'129.56','0.54','2020-04-20','01:38:31',5),(17306,'134.96','0.56','2020-04-20','01:38:32',5),(17307,'131.66','0.55','2020-04-20','01:38:33',5),(17308,'135.91','0.57','2020-04-20','01:38:34',5),(17309,'131.57','0.55','2020-04-20','01:38:35',5),(17310,'128.45','0.54','2020-04-20','01:38:36',5),(17311,'123.74','0.52','2020-04-20','01:38:37',5),(17312,'113.68','0.47','2020-04-20','01:38:38',5),(17313,'127.45','0.53','2020-04-20','01:38:38',5),(17314,'125.26','0.52','2020-04-20','01:38:39',5),(17315,'127.00','0.53','2020-04-20','01:38:40',5),(17316,'124.85','0.52','2020-04-20','01:38:41',5),(17317,'121.89','0.51','2020-04-20','01:38:42',5),(17318,'124.25','0.52','2020-04-20','01:38:43',5),(17319,'126.68','0.53','2020-04-20','01:38:44',5),(17320,'126.51','0.53','2020-04-20','01:38:45',5),(17321,'123.04','0.51','2020-04-20','01:38:46',5),(17322,'121.13','0.50','2020-04-20','01:38:47',5),(17323,'126.15','0.53','2020-04-20','01:38:47',5),(17324,'121.25','0.51','2020-04-20','01:38:48',5),(17325,'122.54','0.51','2020-04-20','01:38:49',5),(17326,'122.94','0.51','2020-04-20','01:38:50',5),(17327,'110.39','0.46','2020-04-20','01:38:51',5),(17328,'123.22','0.51','2020-04-20','01:38:52',5),(17329,'116.04','0.48','2020-04-20','01:38:53',5),(17330,'123.41','0.51','2020-04-20','01:38:54',5),(17331,'130.43','0.54','2020-04-20','01:38:55',5),(17332,'125.82','0.52','2020-04-20','01:38:56',5),(17333,'127.83','0.53','2020-04-20','01:38:56',5),(17334,'132.91','0.55','2020-04-20','01:38:57',5),(17335,'97.04','0.40','2020-04-20','01:38:58',5),(17336,'122.76','0.51','2020-04-20','01:38:59',5),(17337,'127.71','0.53','2020-04-20','01:39:00',5),(17338,'133.30','0.56','2020-04-20','01:39:01',5),(17339,'127.84','0.53','2020-04-20','01:39:02',5),(17340,'97.78','0.41','2020-04-20','01:39:03',5),(17341,'118.54','0.49','2020-04-20','01:39:04',5),(17342,'92.40','0.39','2020-04-20','01:39:05',5),(17343,'128.97','0.54','2020-04-20','01:39:05',5),(17344,'129.69','0.54','2020-04-20','01:39:06',5),(17345,'96.88','0.40','2020-04-20','01:39:07',5),(17346,'98.09','0.41','2020-04-20','01:39:08',5),(17347,'127.34','0.53','2020-04-20','01:39:09',5),(17348,'97.06','0.40','2020-04-20','01:39:10',5),(17349,'128.80','0.54','2020-04-20','01:39:11',5),(17350,'126.59','0.53','2020-04-20','01:39:12',5),(17351,'117.58','0.49','2020-04-20','01:39:13',5),(17352,'122.55','0.51','2020-04-20','01:39:14',5),(17353,'122.73','0.51','2020-04-20','01:39:14',5),(17354,'122.13','0.51','2020-04-20','01:39:15',5),(17355,'130.20','0.54','2020-04-20','01:39:16',5),(17356,'123.65','0.52','2020-04-20','01:39:17',5),(17357,'95.80','0.40','2020-04-20','01:39:18',5),(17358,'106.30','0.44','2020-04-20','01:39:19',5),(17359,'120.09','0.50','2020-04-20','01:39:20',5),(17360,'119.95','0.50','2020-04-20','01:39:21',5),(17361,'114.76','0.48','2020-04-20','01:39:22',5),(17362,'119.31','0.50','2020-04-20','01:39:23',5),(17363,'96.13','0.40','2020-04-20','01:39:24',5),(17364,'101.65','0.42','2020-04-20','01:39:24',5),(17365,'122.05','0.51','2020-04-20','01:39:25',5),(17366,'120.02','0.50','2020-04-20','01:39:26',5),(17367,'120.35','0.50','2020-04-20','01:39:27',5),(17368,'123.23','0.51','2020-04-20','01:39:28',5),(17369,'121.43','0.51','2020-04-20','01:39:29',5),(17370,'126.59','0.53','2020-04-20','01:39:30',5),(17371,'128.53','0.54','2020-04-20','01:39:31',5),(17372,'130.60','0.54','2020-04-20','01:39:32',5),(17373,'131.07','0.55','2020-04-20','01:39:33',5),(17374,'107.07','0.45','2020-04-20','01:39:33',5),(17375,'116.56','0.49','2020-04-20','01:39:34',5),(17376,'126.61','0.53','2020-04-20','01:39:35',5),(17377,'129.73','0.54','2020-04-20','01:39:36',5),(17378,'130.08','0.54','2020-04-20','01:39:37',5),(17379,'127.94','0.53','2020-04-20','01:39:38',5),(17380,'129.90','0.54','2020-04-20','01:39:39',5),(17381,'124.81','0.52','2020-04-20','01:39:40',5),(17382,'126.44','0.53','2020-04-20','01:39:41',5),(17383,'119.81','0.50','2020-04-20','01:39:42',5),(17384,'117.91','0.49','2020-04-20','01:39:42',5),(17385,'126.50','0.53','2020-04-20','01:39:43',5),(17386,'125.48','0.52','2020-04-20','01:39:44',5),(17387,'125.35','0.52','2020-04-20','01:39:45',5),(17388,'121.83','0.51','2020-04-20','01:39:46',5),(17389,'123.15','0.51','2020-04-20','01:39:47',5),(17390,'122.61','0.51','2020-04-20','01:39:48',5),(17391,'124.31','0.52','2020-04-20','01:39:49',5),(17392,'108.02','0.45','2020-04-20','01:39:50',5),(17393,'127.84','0.53','2020-04-20','01:39:51',5),(17394,'126.06','0.53','2020-04-20','01:39:52',5),(17395,'126.73','0.53','2020-04-20','01:39:52',5),(17396,'123.94','0.52','2020-04-20','01:39:53',5),(17397,'128.60','0.54','2020-04-20','01:39:54',5),(17398,'128.15','0.53','2020-04-20','01:39:55',5),(17399,'124.50','0.52','2020-04-20','01:39:56',5),(17400,'128.28','0.53','2020-04-20','01:39:57',5),(17401,'118.55','0.49','2020-04-20','01:39:58',5),(17402,'126.65','0.53','2020-04-20','01:39:59',5),(17403,'119.20','0.50','2020-04-20','01:40:00',5),(17404,'122.64','0.51','2020-04-20','01:40:01',5),(17405,'130.11','0.54','2020-04-20','01:40:01',5),(17406,'120.95','0.50','2020-04-20','01:40:02',5),(17407,'125.26','0.52','2020-04-20','01:40:03',5),(17408,'126.05','0.53','2020-04-20','01:40:04',5),(17409,'105.77','0.44','2020-04-20','01:40:05',5),(17410,'126.38','0.53','2020-04-20','01:40:06',5),(17411,'127.75','0.53','2020-04-20','01:40:07',5),(17412,'126.67','0.53','2020-04-20','01:40:08',5),(17413,'122.04','0.51','2020-04-20','01:40:09',5),(17414,'102.44','0.43','2020-04-20','01:40:10',5),(17415,'129.74','0.54','2020-04-20','01:40:10',5),(17416,'126.16','0.53','2020-04-20','01:40:11',5),(17417,'128.29','0.53','2020-04-20','01:40:12',5),(17418,'117.49','0.49','2020-04-20','01:40:13',5),(17419,'126.32','0.53','2020-04-20','01:40:14',5),(17420,'128.61','0.54','2020-04-20','01:40:15',5),(17421,'124.00','0.52','2020-04-20','01:40:16',5),(17422,'123.14','0.51','2020-04-20','01:40:17',5),(17423,'123.52','0.51','2020-04-20','01:40:18',5),(17424,'122.31','0.51','2020-04-20','01:40:19',5),(17425,'116.76','0.49','2020-04-20','01:40:20',5),(17426,'123.23','0.51','2020-04-20','01:40:20',5),(17427,'132.97','0.55','2020-04-20','01:40:21',5),(17428,'118.32','0.49','2020-04-20','01:40:22',5),(17429,'127.30','0.53','2020-04-20','01:40:23',5),(17430,'118.77','0.49','2020-04-20','01:40:24',5),(17431,'108.54','0.45','2020-04-20','01:40:25',5),(17432,'127.43','0.53','2020-04-20','01:40:26',5),(17433,'118.48','0.49','2020-04-20','01:40:27',5),(17434,'126.92','0.53','2020-04-20','01:40:28',5),(17435,'120.29','0.50','2020-04-20','01:40:29',5),(17436,'128.02','0.53','2020-04-20','01:40:29',5),(17437,'129.12','0.54','2020-04-20','01:40:30',5),(17438,'129.85','0.54','2020-04-20','01:40:31',5),(17439,'129.20','0.54','2020-04-20','01:40:32',5),(17440,'124.68','0.52','2020-04-20','01:40:33',5),(17441,'128.07','0.53','2020-04-20','01:40:34',5),(17442,'129.18','0.54','2020-04-20','01:40:35',5),(17443,'127.25','0.53','2020-04-20','01:40:36',5),(17444,'124.17','0.52','2020-04-20','01:40:37',5),(17445,'127.01','0.53','2020-04-20','01:40:38',5),(17446,'107.58','0.45','2020-04-20','01:40:38',5),(17447,'128.87','0.54','2020-04-20','01:40:39',5),(17448,'126.78','0.53','2020-04-20','01:40:40',5),(17449,'123.88','0.52','2020-04-20','01:40:41',5),(17450,'130.29','0.54','2020-04-20','01:40:42',5),(17451,'120.94','0.50','2020-04-20','01:40:43',5),(17452,'127.19','0.53','2020-04-20','01:40:44',5),(17453,'126.74','0.53','2020-04-20','01:40:45',5),(17454,'122.64','0.51','2020-04-20','01:40:46',5),(17455,'121.06','0.50','2020-04-20','01:40:47',5),(17456,'126.04','0.53','2020-04-20','01:40:48',5),(17457,'126.73','0.53','2020-04-20','01:40:48',5),(17458,'125.85','0.52','2020-04-20','01:40:49',5),(17459,'121.35','0.51','2020-04-20','01:40:50',5),(17460,'120.64','0.50','2020-04-20','01:40:51',5),(17461,'123.43','0.51','2020-04-20','01:40:52',5),(17462,'128.57','0.54','2020-04-20','01:40:53',5),(17463,'120.42','0.50','2020-04-20','01:40:54',5),(17464,'126.29','0.53','2020-04-20','01:40:55',5),(17465,'123.68','0.52','2020-04-20','01:40:56',5),(17466,'124.45','0.52','2020-04-20','01:40:57',5),(17467,'122.00','0.51','2020-04-20','01:40:57',5),(17468,'124.13','0.52','2020-04-20','01:40:58',5),(17469,'120.21','0.50','2020-04-20','01:40:59',5),(17470,'128.09','0.53','2020-04-20','01:41:00',5),(17471,'130.71','0.54','2020-04-20','01:41:01',5),(17472,'128.59','0.54','2020-04-20','01:41:02',5),(17473,'120.39','0.50','2020-04-20','01:41:03',5),(17474,'122.42','0.51','2020-04-20','01:41:04',5),(17475,'121.70','0.51','2020-04-20','01:41:05',5),(17476,'117.34','0.49','2020-04-20','01:41:06',5),(17477,'125.03','0.52','2020-04-20','01:41:06',5),(17478,'125.36','0.52','2020-04-20','01:41:07',5),(17479,'129.15','0.54','2020-04-20','01:41:08',5),(17480,'126.28','0.53','2020-04-20','01:41:09',5),(17481,'127.65','0.53','2020-04-20','01:41:10',5),(17482,'124.06','0.52','2020-04-20','01:41:11',5),(17483,'126.87','0.53','2020-04-20','01:41:12',5),(17484,'117.08','0.49','2020-04-20','01:41:13',5),(17485,'128.20','0.53','2020-04-20','01:41:14',5),(17486,'128.24','0.53','2020-04-20','01:41:15',5),(17487,'129.87','0.54','2020-04-20','01:41:16',5),(17488,'129.72','0.54','2020-04-20','01:41:16',5),(17489,'119.88','0.50','2020-04-20','01:41:17',5),(17490,'130.34','0.54','2020-04-20','01:41:18',5),(17491,'118.43','0.49','2020-04-20','01:41:19',5),(17492,'121.43','0.51','2020-04-20','01:41:20',5),(17493,'129.79','0.54','2020-04-20','01:41:21',5),(17494,'120.83','0.50','2020-04-20','01:41:22',5),(17495,'128.58','0.54','2020-04-20','01:41:23',5),(17496,'125.55','0.52','2020-04-20','01:41:24',5),(17497,'122.74','0.51','2020-04-20','01:41:25',5),(17498,'128.91','0.54','2020-04-20','01:41:25',5),(17499,'129.33','0.54','2020-04-20','01:41:26',5),(17500,'129.91','0.54','2020-04-20','01:41:27',5),(17501,'128.52','0.54','2020-04-20','01:41:28',5),(17502,'127.50','0.53','2020-04-20','01:41:29',5),(17503,'127.81','0.53','2020-04-20','01:41:30',5),(17504,'123.82','0.52','2020-04-20','01:41:31',5),(17505,'131.47','0.55','2020-04-20','01:41:32',5),(17506,'126.63','0.53','2020-04-20','01:41:33',5),(17507,'128.12','0.53','2020-04-20','01:41:34',5),(17508,'132.68','0.55','2020-04-20','01:41:34',5),(17509,'126.83','0.53','2020-04-20','01:41:35',5),(17510,'114.75','0.48','2020-04-20','01:41:36',5),(17511,'127.11','0.53','2020-04-20','01:41:37',5),(17512,'128.76','0.54','2020-04-20','01:41:38',5),(17513,'125.69','0.52','2020-04-20','01:41:39',5),(17514,'128.41','0.54','2020-04-20','01:41:40',5),(17515,'128.68','0.54','2020-04-20','01:41:41',5),(17516,'128.28','0.53','2020-04-20','01:41:42',5),(17517,'128.21','0.53','2020-04-20','01:41:43',5),(17518,'127.63','0.53','2020-04-20','01:41:44',5),(17519,'124.57','0.52','2020-04-20','01:41:44',5),(17520,'125.05','0.52','2020-04-20','01:41:45',5),(17521,'112.33','0.47','2020-04-20','01:41:46',5),(17522,'122.15','0.51','2020-04-20','01:41:47',5),(17523,'129.76','0.54','2020-04-20','01:41:48',5),(17524,'129.09','0.54','2020-04-20','01:41:49',5),(17525,'122.30','0.51','2020-04-20','01:41:50',5),(17526,'112.96','0.47','2020-04-20','01:41:51',5),(17527,'105.48','0.44','2020-04-20','01:41:52',5),(17528,'104.25','0.43','2020-04-20','01:41:53',5),(17529,'128.39','0.53','2020-04-20','01:41:53',5),(17530,'130.07','0.54','2020-04-20','01:41:54',5),(17531,'107.03','0.45','2020-04-20','01:41:55',5),(17532,'109.46','0.46','2020-04-20','01:41:56',5),(17533,'123.99','0.52','2020-04-20','01:41:57',5),(17534,'129.11','0.54','2020-04-20','01:41:58',5),(17535,'109.83','0.46','2020-04-20','01:41:59',5),(17536,'107.97','0.45','2020-04-20','01:42:00',5),(17537,'126.07','0.53','2020-04-20','01:42:01',5),(17538,'118.70','0.49','2020-04-20','01:42:02',5),(17539,'130.94','0.55','2020-04-20','01:42:02',5),(17540,'127.64','0.53','2020-04-20','01:42:03',5),(17541,'130.30','0.54','2020-04-20','01:42:04',5),(17542,'107.29','0.45','2020-04-20','01:42:05',5),(17543,'128.65','0.54','2020-04-20','01:42:06',5),(17544,'125.81','0.52','2020-04-20','01:42:07',5),(17545,'127.54','0.53','2020-04-20','01:42:08',5),(17546,'114.26','0.48','2020-04-20','01:42:09',5),(17547,'124.14','0.52','2020-04-20','01:42:10',5),(17548,'130.98','0.55','2020-04-20','01:42:11',5),(17549,'127.53','0.53','2020-04-20','01:42:11',5),(17550,'114.61','0.48','2020-04-20','01:42:12',5),(17551,'129.73','0.54','2020-04-20','01:42:13',5),(17552,'126.02','0.53','2020-04-20','01:42:14',5),(17553,'113.51','0.47','2020-04-20','01:42:15',5),(17554,'106.74','0.44','2020-04-20','01:42:16',5),(17555,'129.66','0.54','2020-04-20','01:42:17',5),(17556,'125.89','0.52','2020-04-20','01:42:18',5),(17557,'104.71','0.44','2020-04-20','01:42:19',5),(17558,'129.59','0.54','2020-04-20','01:42:20',5),(17559,'123.58','0.51','2020-04-20','01:42:21',5),(17560,'108.81','0.45','2020-04-20','01:42:21',5),(17561,'102.27','0.43','2020-04-20','01:42:22',5),(17562,'105.58','0.44','2020-04-20','01:42:23',5),(17563,'100.79','0.42','2020-04-20','01:42:24',5),(17564,'103.69','0.43','2020-04-20','01:42:25',5),(17565,'102.91','0.43','2020-04-20','01:42:26',5),(17566,'124.99','0.52','2020-04-20','01:42:27',5),(17567,'132.42','0.55','2020-04-20','01:42:28',5),(17568,'125.90','0.52','2020-04-20','01:42:29',5),(17569,'112.42','0.47','2020-04-20','01:42:30',5),(17570,'109.41','0.46','2020-04-20','01:42:30',5),(17571,'130.28','0.54','2020-04-20','01:42:31',5),(17572,'106.52','0.44','2020-04-20','01:42:32',5),(17573,'130.21','0.54','2020-04-20','01:42:33',5),(17574,'132.62','0.55','2020-04-20','01:42:34',5),(17575,'126.70','0.53','2020-04-20','01:42:35',5),(17576,'127.32','0.53','2020-04-20','01:42:36',5),(17577,'129.92','0.54','2020-04-20','01:42:37',5),(17578,'126.51','0.53','2020-04-20','01:42:38',5),(17579,'113.82','0.47','2020-04-20','01:42:39',5),(17580,'130.12','0.54','2020-04-20','01:42:39',5),(17581,'128.27','0.53','2020-04-20','01:42:40',5),(17582,'124.84','0.52','2020-04-20','01:42:41',5),(17583,'128.24','0.53','2020-04-20','01:42:42',5),(17584,'129.31','0.54','2020-04-20','01:42:43',5),(17585,'124.74','0.52','2020-04-20','01:42:44',5),(17586,'124.68','0.52','2020-04-20','01:42:45',5),(17587,'130.57','0.54','2020-04-20','01:42:46',5),(17588,'122.62','0.51','2020-04-20','01:42:47',5),(17589,'128.81','0.54','2020-04-20','01:42:48',5),(17590,'120.11','0.50','2020-04-20','01:42:48',5),(17591,'123.95','0.52','2020-04-20','01:42:49',5),(17592,'115.92','0.48','2020-04-20','01:42:50',5),(17593,'121.74','0.51','2020-04-20','01:42:51',5),(17594,'118.46','0.49','2020-04-20','01:42:52',5),(17595,'118.94','0.50','2020-04-20','01:42:53',5),(17596,'118.50','0.49','2020-04-20','01:42:54',5),(17597,'121.92','0.51','2020-04-20','01:42:55',5),(17598,'117.24','0.49','2020-04-20','01:42:56',5),(17599,'123.12','0.51','2020-04-20','01:42:57',5),(17600,'120.16','0.50','2020-04-20','01:42:58',5),(17601,'120.92','0.50','2020-04-20','01:42:58',5),(17602,'121.52','0.51','2020-04-20','01:42:59',5),(17603,'118.80','0.49','2020-04-20','01:43:00',5),(17604,'113.84','0.47','2020-04-20','01:43:01',5),(17605,'123.16','0.51','2020-04-20','01:43:02',5),(17606,'119.27','0.50','2020-04-20','01:43:03',5),(17607,'100.79','0.42','2020-04-20','01:43:04',5),(17608,'117.39','0.49','2020-04-20','01:43:05',5),(17609,'131.03','0.55','2020-04-20','01:43:06',5),(17610,'130.45','0.54','2020-04-20','01:43:07',5),(17611,'129.04','0.54','2020-04-20','01:43:07',5),(17612,'129.05','0.54','2020-04-20','01:43:08',5),(17613,'130.03','0.54','2020-04-20','01:43:09',5),(17614,'128.80','0.54','2020-04-20','01:43:10',5),(17615,'127.71','0.53','2020-04-20','01:43:11',5),(17616,'129.84','0.54','2020-04-20','01:43:12',5),(17617,'129.13','0.54','2020-04-20','01:43:13',5),(17618,'130.25','0.54','2020-04-20','01:43:14',5),(17619,'126.21','0.53','2020-04-20','01:43:15',5),(17620,'126.54','0.53','2020-04-20','01:43:16',5),(17621,'125.52','0.52','2020-04-20','01:43:16',5),(17622,'129.98','0.54','2020-04-20','01:43:17',5),(17623,'128.11','0.53','2020-04-20','01:43:18',5),(17624,'127.86','0.53','2020-04-20','01:43:19',5),(17625,'125.88','0.52','2020-04-20','01:43:20',5),(17626,'126.58','0.53','2020-04-20','01:43:21',5),(17627,'126.03','0.53','2020-04-20','01:43:22',5),(17628,'127.17','0.53','2020-04-20','01:43:23',5),(17629,'128.77','0.54','2020-04-20','01:43:24',5),(17630,'125.69','0.52','2020-04-20','01:43:25',5),(17631,'125.44','0.52','2020-04-20','01:43:25',5),(17632,'130.73','0.54','2020-04-20','01:43:26',5),(17633,'127.37','0.53','2020-04-20','01:43:27',5),(17634,'129.86','0.54','2020-04-20','01:43:28',5),(17635,'126.12','0.53','2020-04-20','01:43:29',5),(17636,'126.97','0.53','2020-04-20','01:43:30',5),(17637,'126.68','0.53','2020-04-20','01:43:31',5),(17638,'124.30','0.52','2020-04-20','01:43:32',5),(17639,'123.24','0.51','2020-04-20','01:43:33',5),(17640,'125.08','0.52','2020-04-20','01:43:34',5),(17641,'129.29','0.54','2020-04-20','01:43:35',5),(17642,'127.08','0.53','2020-04-20','01:43:35',5),(17643,'129.82','0.54','2020-04-20','01:43:36',5),(17644,'123.66','0.52','2020-04-20','01:43:37',5),(17645,'124.95','0.52','2020-04-20','01:43:38',5),(17646,'126.05','0.53','2020-04-20','01:43:39',5),(17647,'126.18','0.53','2020-04-20','01:43:40',5),(17648,'127.86','0.53','2020-04-20','01:43:41',5),(17649,'126.06','0.53','2020-04-20','01:43:42',5),(17650,'123.78','0.52','2020-04-20','01:43:43',5),(17651,'125.57','0.52','2020-04-20','01:43:44',5),(17652,'125.47','0.52','2020-04-20','01:43:44',5),(17653,'118.20','0.49','2020-04-20','01:43:45',5),(17654,'127.05','0.53','2020-04-20','01:43:46',5),(17655,'124.79','0.52','2020-04-20','01:43:47',5),(17656,'125.96','0.52','2020-04-20','01:43:48',5),(17657,'130.68','0.54','2020-04-20','01:43:49',5),(17658,'126.00','0.52','2020-04-20','01:43:50',5),(17659,'122.77','0.51','2020-04-20','01:43:51',5),(17660,'127.08','0.53','2020-04-20','01:43:52',5),(17661,'122.23','0.51','2020-04-20','01:43:53',5),(17662,'121.92','0.51','2020-04-20','01:43:53',5),(17663,'126.46','0.53','2020-04-20','01:43:54',5),(17664,'127.61','0.53','2020-04-20','01:43:55',5),(17665,'116.61','0.49','2020-04-20','01:43:56',5),(17666,'122.57','0.51','2020-04-20','01:43:57',5),(17667,'128.10','0.53','2020-04-20','01:43:58',5),(17668,'127.56','0.53','2020-04-20','01:43:59',5),(17669,'128.53','0.54','2020-04-20','01:44:00',5),(17670,'112.24','0.47','2020-04-20','01:44:01',5),(17671,'126.29','0.53','2020-04-20','01:44:02',5),(17672,'125.43','0.52','2020-04-20','01:44:03',5),(17673,'127.79','0.53','2020-04-20','01:44:03',5),(17674,'118.85','0.50','2020-04-20','01:44:04',5),(17675,'127.29','0.53','2020-04-20','01:44:05',5),(17676,'125.23','0.52','2020-04-20','01:44:06',5),(17677,'125.41','0.52','2020-04-20','01:44:07',5),(17678,'125.18','0.52','2020-04-20','01:44:08',5),(17679,'123.58','0.51','2020-04-20','01:44:09',5),(17680,'112.50','0.47','2020-04-20','01:44:10',5),(17681,'127.87','0.53','2020-04-20','01:44:11',5),(17682,'121.27','0.51','2020-04-20','01:44:12',5),(17683,'124.65','0.52','2020-04-20','01:44:12',5),(17684,'126.51','0.53','2020-04-20','01:44:13',5),(17685,'128.88','0.54','2020-04-20','01:44:14',5);

/*Table structure for table `devices` */

DROP TABLE IF EXISTS `devices`;

CREATE TABLE `devices` (
  `device_id` int(11) NOT NULL AUTO_INCREMENT,
  `device_name` varchar(100) DEFAULT NULL,
  `device_type` varchar(100) DEFAULT NULL,
  `device_ip` varchar(100) DEFAULT NULL,
  `device_status` tinyint(1) DEFAULT 0,
  `location_id` int(11) DEFAULT NULL,
  `date_created` datetime DEFAULT NULL,
  PRIMARY KEY (`device_id`)
) ENGINE=InnoDB AUTO_INCREMENT=12 DEFAULT CHARSET=latin1;

/*Data for the table `devices` */

insert  into `devices`(`device_id`,`device_name`,`device_type`,`device_ip`,`device_status`,`location_id`,`date_created`) values (5,'TELEVISION OUTLET','OUTLET','192.168.1.3',0,1,'2020-04-20 01:31:09'),(6,'LIGHT 1','LIGHT','192.168.1.3',0,1,'2020-04-20 01:31:22'),(10,'LIGHT 2','OUTLET','192.168.1.101',0,5,'2019-10-23 10:21:23'),(11,'LIGHT 3','OUTLET','192.168.0.101',0,1,'2019-10-23 10:15:01');

/*Table structure for table `locations` */

DROP TABLE IF EXISTS `locations`;

CREATE TABLE `locations` (
  `location_id` int(11) NOT NULL AUTO_INCREMENT,
  `location_name` varchar(100) DEFAULT NULL,
  `location_image` varchar(100) DEFAULT NULL,
  `date_created` datetime DEFAULT NULL,
  PRIMARY KEY (`location_id`)
) ENGINE=InnoDB AUTO_INCREMENT=6 DEFAULT CHARSET=latin1;

/*Data for the table `locations` */

insert  into `locations`(`location_id`,`location_name`,`location_image`,`date_created`) values (1,'LIVING ROOM','living-room-scale.jpg','2019-09-17 19:05:15'),(2,'BED ROOM','Discover-the-Ultimate-Master-Bedroom-Styles-and-Inspirations-6_1.jpg','2019-09-19 11:27:26'),(3,'KITCHEN AREA','1518539632619.jpeg','2019-09-19 11:27:38'),(5,'OUTSIDE','photo2.png','2019-10-23 10:14:20');

/*Table structure for table `notifications` */

DROP TABLE IF EXISTS `notifications`;

CREATE TABLE `notifications` (
  `notif_id` int(11) NOT NULL AUTO_INCREMENT,
  `notif_img` varchar(100) DEFAULT NULL,
  `notif_date` date DEFAULT NULL,
  `notif_time` time DEFAULT NULL,
  `device_id` int(11) DEFAULT NULL,
  PRIMARY KEY (`notif_id`)
) ENGINE=InnoDB DEFAULT CHARSET=latin1;

/*Data for the table `notifications` */

/*Table structure for table `users` */

DROP TABLE IF EXISTS `users`;

CREATE TABLE `users` (
  `user_id` int(11) NOT NULL AUTO_INCREMENT,
  `user_email` varchar(100) DEFAULT NULL,
  `user_pass` varchar(100) DEFAULT NULL,
  `user_fname` varchar(100) DEFAULT NULL,
  `user_type` varchar(100) DEFAULT NULL,
  `user_image` varchar(100) DEFAULT NULL,
  `date_created` datetime DEFAULT NULL,
  PRIMARY KEY (`user_id`)
) ENGINE=InnoDB AUTO_INCREMENT=19 DEFAULT CHARSET=latin1;

/*Data for the table `users` */

insert  into `users`(`user_id`,`user_email`,`user_pass`,`user_fname`,`user_type`,`user_image`,`date_created`) values (12,'marklesterbuss@gmail.com','123456789','Mark Lester J. Ao','Administrator','avatar5.png','2019-09-17 11:17:09'),(14,'jleo1992a@gmail.com','123456','John Leo S. Tomas','Administrator','avatar.png','2019-10-22 04:59:36'),(15,'heheh@gmail.com','fbe82b93c071bedda31afded400cca52','heheheh','Administrator','avatar.png','2019-10-22 05:30:31'),(16,'evemantilla28@gmail.com','123456','Eve Mantilla','Guest','avatar2.png','2019-10-22 07:36:44'),(17,'Vcueno@gmail.com','1234567','Vilma Mae ','Administrator','avatar3.png','2019-10-22 07:43:14'),(18,'jleo1992b@gmail.com','123456','','Administrator','avatar5.png','2019-10-22 21:20:38');

/*!40101 SET SQL_MODE=@OLD_SQL_MODE */;
/*!40014 SET FOREIGN_KEY_CHECKS=@OLD_FOREIGN_KEY_CHECKS */;
/*!40014 SET UNIQUE_CHECKS=@OLD_UNIQUE_CHECKS */;
/*!40111 SET SQL_NOTES=@OLD_SQL_NOTES */;
